"LATITUDE","total_hotspot","avg_brightness","avg_frp","max_frp"
-4.49032,2,333.825,4.03,4.47
-3.84906,2,319.975,5.465,6.59
-3.80786,2,329.9,3.255,4.37
-3.80109,2,324.04,2.725,3.44
-3.72785,2,351.045,48.625,73.73
-3.72516,2,328.545,2.83,3.94
-3.72501,2,339.37,6.975,9.16
-3.72481,2,339.115,4.405,4.6
-3.72379,2,335.14,4.345,4.52
-3.47124,2,324.475,2.57,3.61
-3.45485,2,323.8,6.895,10.74
-3.37199,2,331.39,3.94,4.56
-3.14214,2,340.42,5.655,6.01
-3.12534,2,331.535,4.465,6.72
-2.68379,2,304.295,0.795,0.8
-2.65108,2,338.275,8.85,12.74
-2.60096,2,332.485,3.57,4.76
-2.58352,2,330.14,2.425,2.48
-2.36643,2,315.585,2.03,3.12
-2.17285,2,321.915,5.18,9.83
-2.14683,2,341.2,9.625,13.72
-1.67484,2,351.025,14.175,19.04
-1.57128,2,317.785,1.435,2.09
-4.49999,1,301.38,0.64,0.64
-4.49871,1,344.38,67.94,67.94
-4.49788,1,332.41,4.21,4.21
-4.497,1,333.78,3.2,3.2
-4.4964,1,332.05,3.37,3.37
-4.49549,1,331.32,4.76,4.76
-4.49521,1,327.72,2.12,2.12
-4.49415,1,335.8,15.51,15.51
-4.49413,1,338.83,6.11,6.11
-4.49405,1,330.96,4.7,4.7
-4.49396,1,333.22,2.38,2.38
-4.49356,1,330.37,3.8,3.8
-4.49229,1,341.53,50.14,50.14
-4.49189,1,347.21,5.97,5.97
-4.49181,1,326.36,2.97,2.97
-4.49169,1,334.66,4.96,4.96
-4.48857,1,332.85,10.04,10.04
-4.48721,1,352.58,14,14
-4.48364,1,308.78,2.41,2.41
-4.48304,1,367,13.2,13.2
-4.48273,1,353.83,9.9,9.9
-4.48121,1,351.22,39.44,39.44
-4.47986,1,367,14.2,14.2
-4.47979,1,343.49,9.21,9.21
-4.47953,1,343.62,9.69,9.69
-4.47934,1,367,9.9,9.9
-4.47926,1,304.65,2.11,2.11
-4.47771,1,338.02,5.03,5.03
-4.47726,1,367,11.9,11.9
-4.47716,1,338.83,20.85,20.85
-4.477,1,332.5,4.69,4.69
-4.47642,1,341.19,13.35,13.35
-4.47504,1,302.96,0.61,0.61
-4.47385,1,331.41,3.17,3.17
-4.47337,1,331.33,3.04,3.04
-4.47107,1,335.11,3.76,3.76
-4.46862,1,331.34,5.81,5.81
-4.46664,1,307.84,1.52,1.52
-4.46604,1,303.37,0.68,0.68
-4.46577,1,326.43,1.91,1.91
-4.46428,1,308.81,2.46,2.46
-4.46351,1,331.32,6.74,6.74
-4.46267,1,338.32,16.43,16.43
-4.46186,1,321.27,10.38,10.38
-4.46035,1,337.81,2.56,2.56
-4.4594,1,330.34,2.2,2.2
-4.4591,1,341.81,27.06,27.06
-4.45904,1,331.74,7.88,7.88
-4.45801,1,335.31,7.88,7.88
-4.45767,1,330.77,3.48,3.48
-4.45535,1,332.01,8.38,8.38
-4.45527,1,330.24,2.12,2.12
-4.45421,1,340.58,29.2,29.2
-4.45393,1,354.64,31.06,31.06
-4.45294,1,313.78,1.37,1.37
-4.45127,1,339.4,3.98,3.98
-4.45118,1,339.73,12.27,12.27
-4.44874,1,341.06,10.34,10.34
-4.44333,1,333.71,9.72,9.72
-4.44279,1,336.32,15.51,15.51
-4.44271,1,342.12,25,25
-4.4425,1,341.43,11.51,11.51
-4.44205,1,298.72,0.64,0.64
-4.44177,1,328.59,2.48,2.48
-4.44049,1,331.91,7.31,7.31
-4.43918,1,340.16,6.79,6.79
-4.43724,1,300.03,2.5,2.5
-4.43595,1,339.73,4.23,4.23
-4.43564,1,305.88,0.84,0.84
-4.43497,1,332.42,4.56,4.56
-4.43446,1,340.67,16.53,16.53
-4.43432,1,354.17,10.98,10.98
-4.43343,1,331.99,4.46,4.46
-4.4329,1,329.13,20.43,20.43
-4.42911,1,334.05,3.9,3.9
-4.42596,1,346.83,9.12,9.12
-4.42572,1,333.34,3.83,3.83
-4.42317,1,317.4,1.32,1.32
-4.42196,1,330.25,2.46,2.46
-4.41976,1,336.31,3.99,3.99
-4.41954,1,328.73,6.13,6.13
-4.4176,1,304.2,0.72,0.72
-4.41399,1,339.64,5.35,5.35
-4.4133,1,337.02,6.46,6.46
-4.41322,1,309.8,1.48,1.48
-4.41215,1,304.02,1.26,1.26
-4.41119,1,332.34,4.69,4.69
-4.40899,1,340.41,13.98,13.98
-4.40861,1,345.11,12.16,12.16
-4.40768,1,330.67,9.55,9.55
-4.40604,1,339.04,3.64,3.64
-4.40468,1,314.45,2.7,2.7
-4.40331,1,355.15,12.16,12.16
-4.4025,1,315.67,6.54,6.54
-4.40152,1,341.43,9.06,9.06
-4.40137,1,309.99,1.43,1.43
-4.4006,1,334.95,3.68,3.68
-4.39939,1,335.64,2.74,2.74
-4.39904,1,333.92,9.21,9.21
-4.39757,1,337.58,11.7,11.7
-4.3974,1,341,8.3,8.3
-4.39693,1,337.19,8.91,8.91
-4.39686,1,309.47,1.26,1.26
-4.3959,1,345.17,12.11,12.11
-4.3957,1,333.13,1.93,1.93
-4.39542,1,356.47,11.7,11.7
-4.39528,1,339.56,9.24,9.24
-4.3925,1,318.34,1.79,1.79
-4.39174,1,330.91,2.61,2.61
-4.39146,1,319.73,2.47,2.47
-4.39072,1,335.22,13.98,13.98
-4.38937,1,310.91,0.96,0.96
-4.38476,1,310.68,0.71,0.71
-4.3835,1,344.41,67.94,67.94
-4.38098,1,334.13,11.27,11.27
-4.38012,1,367,56.44,56.44
-4.37888,1,331.12,3.16,3.16
-4.3784,1,313.29,1.48,1.48
-4.37827,1,312.76,12.16,12.16
-4.37748,1,304.29,0.91,0.91
-4.37731,1,315.18,2.08,2.08
-4.37564,1,340,11.5,11.5
-4.37495,1,343.7,8.26,8.26
-4.374,1,300.04,0.95,0.95
-4.37397,1,349.18,30.37,30.37
-4.37247,1,340.97,10.22,10.22
-4.36883,1,318.38,2.2,2.2
-4.36738,1,301.12,1.38,1.38
-4.36688,1,308.39,1.08,1.08
-4.36486,1,335.35,6,6
-4.3646,1,341.22,5.92,5.92
-4.36183,1,350.52,11.92,11.92
-4.3596,1,334.13,3.67,3.67
-4.35707,1,330.03,5.95,5.95
-4.35276,1,305.73,1.37,1.37
-4.35243,1,330.23,5.22,5.22
-4.35137,1,332.01,10.38,10.38
-4.35101,1,340.85,21.28,21.28
-4.35079,1,302.98,0.57,0.57
-4.35027,1,330.92,4.6,4.6
-4.34768,1,333.76,5.22,5.22
-4.34725,1,335.43,5.37,5.37
-4.34598,1,340.59,6.31,6.31
-4.3456,1,326.66,3.75,3.75
-4.34481,1,301.3,1.16,1.16
-4.34383,1,339.15,7.95,7.95
-4.34279,1,301.61,2.03,2.03
-4.34207,1,329.78,8.19,8.19
-4.33791,1,305.17,1.41,1.41
-4.33456,1,303.47,1.14,1.14
-4.3316,1,339.68,9.52,9.52
-4.32741,1,301.85,0.95,0.95
-4.32676,1,316.01,3.82,3.82
-4.32411,1,330.65,1.8,1.8
-4.32328,1,350.08,29.62,29.62
-4.3225,1,338.6,6.74,6.74
-4.32197,1,331.44,5.84,5.84
-4.3218,1,331.75,10.29,10.29
-4.3208,1,329.98,2.33,2.33
-4.3202,1,306.91,0.79,0.79
-4.31769,1,329.28,9.19,9.19
-4.31352,1,327.24,0.91,0.91
-4.31311,1,304.34,0.71,0.71
-4.31224,1,305.37,0.66,0.66
-4.30991,1,346.53,6.81,6.81
-4.30718,1,330.03,2.65,2.65
-4.30584,1,332.88,3.01,3.01
-4.30533,1,311.91,1.6,1.6
-4.3053,1,341.26,5.25,5.25
-4.30504,1,331.02,4.86,4.86
-4.30469,1,313.12,2.02,2.02
-4.30456,1,325.12,2.21,2.21
-4.30425,1,329.33,1.42,1.42
-4.30178,1,307.11,2.18,2.18
-4.29806,1,306.18,0.69,0.69
-4.29734,1,337.29,8.05,8.05
-4.29453,1,332.34,3.3,3.3
-4.29104,1,332.23,3.26,3.26
-4.28902,1,331.92,1.98,1.98
-4.28614,1,308.78,0.79,0.79
-4.28371,1,333.77,2.15,2.15
-4.28288,1,341.03,14.54,14.54
-4.28265,1,304.75,1.3,1.3
-4.28221,1,327.87,2.22,2.22
-4.28195,1,307.1,0.97,0.97
-4.28143,1,304.9,0.57,0.57
-4.27721,1,330.49,3.73,3.73
-4.27667,1,305.06,1.01,1.01
-4.26894,1,331.56,4.19,4.19
-4.26849,1,336.32,22.27,22.27
-4.26734,1,342.95,4.34,4.34
-4.2637,1,347.35,8.19,8.19
-4.25777,1,335.32,26.46,26.46
-4.25573,1,304.66,0.95,0.95
-4.25501,1,339.86,4.71,4.71
-4.25162,1,332.94,7.98,7.98
-4.24837,1,341.97,6.37,6.37
-4.24184,1,329.04,1.93,1.93
-4.24091,1,367,11.48,11.48
-4.24048,1,330.47,1.6,1.6
-4.23834,1,355.34,43.5,43.5
-4.23781,1,302.09,2.15,2.15
-4.23429,1,330.43,5.14,5.14
-4.23402,1,339.67,12.45,12.45
-4.23382,1,344.44,43.5,43.5
-4.23296,1,367,89.31,89.31
-4.22571,1,367,6.31,6.31
-4.22522,1,329.25,5.03,5.03
-4.22283,1,302.89,0.57,0.57
-4.21989,1,342.15,7.13,7.13
-4.20603,1,339.72,20.43,20.43
-4.20455,1,334.02,4.92,4.92
-4.20355,1,307.09,1.14,1.14
-4.20352,1,347.87,17.65,17.65
-4.20281,1,341.84,15.42,15.42
-4.20268,1,334.65,4.84,4.84
-4.19594,1,329.84,7.48,7.48
-4.19552,1,313.23,1.04,1.04
-4.19525,1,338.82,3.56,3.56
-4.19485,1,325.95,2.22,2.22
-4.19298,1,331.32,2.03,2.03
-4.19264,1,338.41,5.56,5.56
-4.19128,1,343.78,9.71,9.71
-4.18904,1,330.06,3.27,3.27
-4.18808,1,332.39,3.41,3.41
-4.18727,1,340.4,6.5,6.5
-4.18688,1,331.36,2.54,2.54
-4.18633,1,367,6.53,6.53
-4.18469,1,317.97,1.99,1.99
-4.18246,1,329.63,2.25,2.25
-4.18179,1,330.35,2.27,2.27
-4.18152,1,334.34,15.63,15.63
-4.1797,1,330.63,18.25,18.25
-4.1796,1,308.83,0.91,0.91
-4.17868,1,303.93,0.91,0.91
-4.17865,1,331.81,13.37,13.37
-4.17864,1,332.35,3.56,3.56
-4.17644,1,340.05,11.01,11.01
-4.17643,1,337.19,13.43,13.43
-4.17586,1,333.38,10.73,10.73
-4.17496,1,329.34,4.68,4.68
-4.17432,1,345.16,10.67,10.67
-4.17407,1,332.35,6.71,6.71
-4.17384,1,207.93,67.94,67.94
-4.17274,1,334.61,5.84,5.84
-4.17249,1,338.35,2.22,2.22
-4.17122,1,330.19,3.27,3.27
-4.17002,1,330.87,67.92,67.92
-4.16874,1,333.41,5.54,5.54
-4.16716,1,335.22,2.3,2.3
-4.16681,1,328.04,2.41,2.41
-4.16533,1,304.56,1.76,1.76
-4.16522,1,337.18,23.14,23.14
-4.16462,1,309.49,1.05,1.05
-4.16405,1,333.67,4.1,4.1
-4.16402,1,333.44,6.97,6.97
-4.16346,1,329.03,1.31,1.31
-4.16305,1,333.33,2.54,2.54
-4.16233,1,333.13,3.27,3.27
-4.16096,1,307.1,1.94,1.94
-4.1608,1,306.03,0.67,0.67
-4.15907,1,342.23,28.25,28.25
-4.15887,1,339.45,4.99,4.99
-4.15856,1,303.26,0.72,0.72
-4.15784,1,310.95,0.97,0.97
-4.1577,1,339.86,33.16,33.16
-4.15664,1,339.25,8.69,8.69
-4.15609,1,304.53,0.7,0.7
-4.15196,1,307.21,2.43,2.43
-4.15173,1,332.54,3.17,3.17
-4.15134,1,340.57,7.11,7.11
-4.15105,1,330.95,5.32,5.32
-4.15069,1,333.69,4.43,4.43
-4.14987,1,334.41,12.04,12.04
-4.14956,1,337.79,5.6,5.6
-4.14934,1,339.57,5.47,5.47
-4.14808,1,330.29,2.7,2.7
-4.14131,1,332.12,3.74,3.74
-4.14121,1,335.5,3.8,3.8
-4.14111,1,340.79,4.33,4.33
-4.13635,1,334.02,6.41,6.41
-4.13502,1,330.77,5.84,5.84
-4.13225,1,332.58,3.74,3.74
-4.12935,1,331,3.02,3.02
-4.12904,1,350.9,6.2,6.2
-4.12858,1,332.11,8.99,8.99
-4.12844,1,342.39,2.63,2.63
-4.12792,1,342.89,10.14,10.14
-4.12366,1,333.37,8.19,8.19
-4.1218,1,332.26,3.82,3.82
-4.12159,1,336.31,5.39,5.39
-4.11879,1,304.66,0.86,0.86
-4.11795,1,333.38,2.38,2.38
-4.11605,1,337.95,5.84,5.84
-4.11493,1,332.63,4.08,4.08
-4.1144,1,341.86,8.95,8.95
-4.1137,1,311,1.06,1.06
-4.1136,1,303.77,0.51,0.51
-4.11222,1,367,13.27,13.27
-4.11186,1,341.2,6.36,6.36
-4.11109,1,310.17,1.06,1.06
-4.10848,1,301.53,1.06,1.06
-4.10795,1,335.24,3.83,3.83
-4.10711,1,350.09,14.54,14.54
-4.10666,1,303.47,1.72,1.72
-4.10096,1,337.09,3.39,3.39
-4.09471,1,330.64,3.66,3.66
-4.09409,1,332.47,6.64,6.64
-4.09365,1,328.3,6.22,6.22
-4.09233,1,353.56,6.58,6.58
-4.08997,1,303.56,0.62,0.62
-4.08956,1,351.4,7.53,7.53
-4.08864,1,367,6.37,6.37
-4.08787,1,337.32,6.67,6.67
-4.08122,1,338.23,7.31,7.31
-4.07621,1,306.71,1.39,1.39
-4.07611,1,341.91,12.87,12.87
-4.07501,1,330.71,2.83,2.83
-4.0673,1,304.83,1.87,1.87
-4.06724,1,302.66,1.37,1.37
-4.05628,1,337.83,2.7,2.7
-4.05594,1,330.4,3.17,3.17
-4.0559,1,300.55,1.19,1.19
-4.04896,1,338.77,5.64,5.64
-4.04808,1,341.19,28.09,28.09
-4.04802,1,331.46,2.61,2.61
-4.04489,1,303.39,1.1,1.1
-4.03553,1,333.49,8.7,8.7
-4.02964,1,331.09,2.92,2.92
-4.0257,1,329.37,4.19,4.19
-4.0243,1,305.46,0.68,0.68
-4.02372,1,330.29,1.58,1.58
-4.01881,1,341.2,4.14,4.14
-4.01852,1,332.86,2.91,2.91
-4.01818,1,344.48,17.8,17.8
-4.0172,1,340.48,13.27,13.27
-4.0155,1,328.53,4.72,4.72
-4.01435,1,306.31,1.35,1.35
-4.00974,1,335.19,2.95,2.95
-4.00618,1,305.58,2.04,2.04
-4.00593,1,338.59,11.7,11.7
-4.00584,1,349.59,11.7,11.7
-4.00529,1,342.28,27.38,27.38
-4.00361,1,333.32,3.11,3.11
-4.00186,1,346.08,16.65,16.65
-3.99934,1,322.33,2.62,2.62
-3.98163,1,328.04,1.82,1.82
-3.98159,1,346.93,7.72,7.72
-3.98113,1,342.1,9.96,9.96
-3.98091,1,340.17,3.51,3.51
-3.97935,1,309.42,1.4,1.4
-3.9783,1,304.48,0.97,0.97
-3.97791,1,332.64,2.66,2.66
-3.97785,1,311.12,1.73,1.73
-3.97683,1,337.3,6.25,6.25
-3.97394,1,330.98,3.59,3.59
-3.96647,1,330.95,2.9,2.9
-3.96367,1,336.55,5.61,5.61
-3.96,1,329.11,1.32,1.32
-3.95709,1,330.78,2.4,2.4
-3.95454,1,343.14,10.13,10.13
-3.95374,1,322.92,2.01,2.01
-3.95195,1,329.48,3.21,3.21
-3.95174,1,337.2,7.97,7.97
-3.94999,1,332.91,4.39,4.39
-3.94409,1,332.84,3.63,3.63
-3.93747,1,335.59,13.59,13.59
-3.93692,1,346.63,13.59,13.59
-3.93673,1,333.36,7.62,7.62
-3.93537,1,339.88,1.77,1.77
-3.93356,1,340.66,7.14,7.14
-3.93152,1,335.37,11.29,11.29
-3.93129,1,332.61,6.35,6.35
-3.93104,1,334.19,4.63,4.63
-3.92982,1,300.8,0.75,0.75
-3.9283,1,331.42,6.09,6.09
-3.92771,1,341.7,7,7
-3.92677,1,328.98,3.39,3.39
-3.92585,1,332.12,11.02,11.02
-3.92395,1,334.26,5.75,5.75
-3.92071,1,346.63,7.91,7.91
-3.91356,1,367,25.05,25.05
-3.91182,1,367,61.6,61.6
-3.90753,1,334.66,9.03,9.03
-3.90702,1,301.26,0.91,0.91
-3.89577,1,339.77,8.35,8.35
-3.89494,1,306.22,0.75,0.75
-3.88783,1,334.43,2.94,2.94
-3.88522,1,345.43,28.24,28.24
-3.8826,1,306.65,0.57,0.57
-3.88147,1,349.25,6.4,6.4
-3.88123,1,304.97,0.67,0.67
-3.87942,1,367,8.7,8.7
-3.87907,1,306.52,1.38,1.38
-3.87856,1,331.66,4.21,4.21
-3.87791,1,342.47,5.29,5.29
-3.87089,1,301.9,1.4,1.4
-3.86728,1,310.19,1.4,1.4
-3.86012,1,339.21,8.03,8.03
-3.85976,1,316.02,1.77,1.77
-3.85888,1,341.74,10.75,10.75
-3.855,1,303.46,1.72,1.72
-3.85483,1,334.85,3.76,3.76
-3.85464,1,346.48,8.46,8.46
-3.85437,1,302.36,0.62,0.62
-3.85409,1,341.99,26.01,26.01
-3.85391,1,333.54,1.59,1.59
-3.85309,1,207.93,67.92,67.92
-3.85073,1,305.22,1.45,1.45
-3.8495,1,328.61,4.66,4.66
-3.84562,1,305.55,0.52,0.52
-3.84544,1,337.78,4.86,4.86
-3.84508,1,306.27,0.67,0.67
-3.84454,1,311.39,1.47,1.47
-3.844,1,300.79,0.64,0.64
-3.84351,1,339.75,3.61,3.61
-3.84346,1,303.78,0.93,0.93
-3.84336,1,332.02,3.67,3.67
-3.84282,1,332.17,15.59,15.59
-3.84229,1,299.32,1.42,1.42
-3.84175,1,306.98,0.69,0.69
-3.84122,1,306.39,0.92,0.92
-3.84093,1,329.36,1.79,1.79
-3.84018,1,330.77,3.48,3.48
-3.83988,1,333.26,3.92,3.92
-3.83947,1,336.14,8.81,8.81
-3.83542,1,300.01,0.73,0.73
-3.83208,1,300.69,0.73,0.73
-3.83147,1,307.1,0.6,0.6
-3.8278,1,333.2,5.97,5.97
-3.82315,1,303.1,0.52,0.52
-3.82302,1,356.01,7.31,7.31
-3.82279,1,309.72,0.52,0.52
-3.82121,1,345.13,7.31,7.31
-3.82075,1,340.1,10.31,10.31
-3.81963,1,303.11,0.67,0.67
-3.81723,1,335.12,5.2,5.2
-3.81577,1,336.21,5.29,5.29
-3.81515,1,346.44,11.18,11.18
-3.81508,1,343.47,16.89,16.89
-3.81463,1,334.03,2.97,2.97
-3.81426,1,330.96,2.18,2.18
-3.81251,1,333.69,4.39,4.39
-3.81229,1,348.06,4.11,4.11
-3.80885,1,337.85,6.77,6.77
-3.80856,1,333.13,6.81,6.81
-3.8084,1,340.28,5.71,5.71
-3.80834,1,339.01,16.92,16.92
-3.80824,1,329.88,5.52,5.52
-3.80819,1,331.72,6.92,6.92
-3.80806,1,336.4,5.63,5.63
-3.80793,1,329.15,1.56,1.56
-3.80789,1,337.03,4.38,4.38
-3.80782,1,339.63,4.01,4.01
-3.80765,1,332.98,6.57,6.57
-3.80758,1,332.67,2.77,2.77
-3.80745,1,346.99,8.4,8.4
-3.80744,1,340.27,3.2,3.2
-3.80732,1,312.81,1.34,1.34
-3.80727,1,331.9,4.49,4.49
-3.80722,1,333.93,15.49,15.49
-3.80691,1,304.85,0.57,0.57
-3.8065,1,351.88,27.38,27.38
-3.80646,1,337.13,33.86,33.86
-3.80644,1,304.4,1.64,1.64
-3.80636,1,300.53,1.43,1.43
-3.80627,1,329.31,2.3,2.3
-3.80624,1,312.19,1.65,1.65
-3.80603,1,339.24,3.87,3.87
-3.806,1,338.01,4.85,4.85
-3.8059,1,335.18,27.38,27.38
-3.80578,1,332.49,4.35,4.35
-3.80577,1,339.41,20.91,20.91
-3.80554,1,343.01,5.67,5.67
-3.80546,1,301.89,1.47,1.47
-3.80541,1,331.31,5.91,5.91
-3.80514,1,330.86,1.8,1.8
-3.8049,1,308.5,1.07,1.07
-3.80488,1,332.64,3.34,3.34
-3.80487,1,352.98,15.74,15.74
-3.80445,1,305.94,0.77,0.77
-3.80435,1,339.05,3.78,3.78
-3.80427,1,327.82,2.49,2.49
-3.80423,1,330.66,2.24,2.24
-3.8038,1,331.96,2.28,2.28
-3.80334,1,330.26,2.11,2.11
-3.80298,1,351.61,56.44,56.44
-3.80259,1,341.1,3.87,3.87
-3.80237,1,345.96,7.28,7.28
-3.80224,1,338.15,9.12,9.12
-3.80164,1,334.56,2.74,2.74
-3.80156,1,333.36,2.4,2.4
-3.80084,1,315.9,2.79,2.79
-3.80076,1,331.39,4.35,4.35
-3.79962,1,338.72,6.33,6.33
-3.79804,1,345.71,4.14,4.14
-3.79513,1,306.22,0.6,0.6
-3.79477,1,339.99,4.55,4.55
-3.79261,1,302.09,0.51,0.51
-3.79169,1,333.39,3.42,3.42
-3.79144,1,314.66,3.29,3.29
-3.79097,1,318.36,3.69,3.69
-3.79057,1,325.23,2.19,2.19
-3.78648,1,327.96,2.62,2.62
-3.78203,1,302.45,0.97,0.97
-3.7817,1,339.85,9.12,9.12
-3.78169,1,335.41,5.96,5.96
-3.78168,1,344.03,12.11,12.11
-3.78045,1,339.57,6.69,6.69
-3.7779,1,336.63,4.05,4.05
-3.77345,1,296.83,0.58,0.58
-3.77273,1,339.37,9.15,9.15
-3.76941,1,333.39,5.07,5.07
-3.76925,1,306.95,1.65,1.65
-3.7687,1,332.14,2.38,2.38
-3.76683,1,333.06,5.15,5.15
-3.76365,1,333.01,3.88,3.88
-3.76277,1,337.05,3.86,3.86
-3.76261,1,331.88,41.98,41.98
-3.76226,1,334.56,4.1,4.1
-3.75902,1,327.63,2.31,2.31
-3.75637,1,332.88,3.48,3.48
-3.75093,1,334.11,3.14,3.14
-3.75078,1,332.33,5.2,5.2
-3.74926,1,308.54,2.31,2.31
-3.74829,1,314.55,2.04,2.04
-3.74701,1,339.72,4.5,4.5
-3.74579,1,335.85,2.3,2.3
-3.74402,1,306.66,0.77,0.77
-3.74335,1,333.67,2.25,2.25
-3.74258,1,306.51,0.89,0.89
-3.74028,1,341.29,11.02,11.02
-3.737,1,340.4,4.7,4.7
-3.73633,1,329.51,2.12,2.12
-3.73533,1,303.39,0.89,0.89
-3.73474,1,330.52,2.99,2.99
-3.7341,1,340.5,4.7,4.7
-3.73375,1,335.84,3.71,3.71
-3.73336,1,317.31,3.15,3.15
-3.732,1,306.46,1.21,1.21
-3.73008,1,307.03,1.04,1.04
-3.72985,1,330.95,3.85,3.85
-3.72965,1,325.86,2.12,2.12
-3.72952,1,311.46,0.66,0.66
-3.72851,1,330.86,24.79,24.79
-3.72807,1,343.8,8.27,8.27
-3.72788,1,331.39,1.64,1.64
-3.72787,1,311.41,1.17,1.17
-3.72779,1,333.96,3.4,3.4
-3.72763,1,339.57,3.3,3.3
-3.72753,1,330.9,2.79,2.79
-3.72751,1,335.79,4.28,4.28
-3.72737,1,339.78,10.46,10.46
-3.72724,1,338.57,6.85,6.85
-3.72707,1,302.77,0.7,0.7
-3.72694,1,333.93,4.28,4.28
-3.72662,1,332.8,4.14,4.14
-3.72649,1,334.36,4.69,4.69
-3.72645,1,301.42,0.73,0.73
-3.72642,1,345.6,7.26,7.26
-3.72641,1,341.78,27.37,27.37
-3.72625,1,296.9,0.5,0.5
-3.72621,1,367,7.6,7.6
-3.72609,1,331.02,10.43,10.43
-3.72604,1,301.58,0.59,0.59
-3.72603,1,329.69,1.87,1.87
-3.72601,1,332.45,4.83,4.83
-3.7259,1,328.52,3,3
-3.72578,1,353.98,16.3,16.3
-3.7256,1,331.27,3.18,3.18
-3.72551,1,327.04,3.85,3.85
-3.72549,1,331.37,8.01,8.01
-3.72544,1,336.9,16.34,16.34
-3.72532,1,332.62,1.96,1.96
-3.72515,1,333.37,2.23,2.23
-3.72507,1,317.92,1.75,1.75
-3.72499,1,356.97,13.13,13.13
-3.72497,1,333,3.18,3.18
-3.72483,1,311.09,1.15,1.15
-3.7248,1,333.04,2.76,2.76
-3.72479,1,333.62,2.96,2.96
-3.72459,1,330.93,4.06,4.06
-3.72457,1,327.5,2.2,2.2
-3.72455,1,332.19,26,26
-3.72434,1,330.65,2.92,2.92
-3.7243,1,342.08,9.98,9.98
-3.72426,1,333.24,24.79,24.79
-3.72413,1,328.88,2.1,2.1
-3.72393,1,346.03,7.44,7.44
-3.72382,1,335.35,4.67,4.67
-3.72369,1,339.78,9.93,9.93
-3.72359,1,338.57,10.21,10.21
-3.72355,1,337.13,5.74,5.74
-3.72343,1,340.09,5.34,5.34
-3.7232,1,329.8,4.07,4.07
-3.72283,1,347.88,4.79,4.79
-3.72278,1,328.27,3.62,3.62
-3.72263,1,337.66,4.22,4.22
-3.72243,1,331.85,1.63,1.63
-3.72196,1,336.01,9.52,9.52
-3.72002,1,331.72,6.94,6.94
-3.71915,1,310.14,1.99,1.99
-3.71871,1,339.96,6.18,6.18
-3.71702,1,339.09,12.34,12.34
-3.71644,1,304.42,0.69,0.69
-3.71634,1,327.94,1.58,1.58
-3.71497,1,330.93,4.36,4.36
-3.71432,1,328.39,2.21,2.21
-3.71413,1,310.46,1.09,1.09
-3.71397,1,308.2,0.75,0.75
-3.71373,1,367,28.07,28.07
-3.71316,1,351.48,36.39,36.39
-3.71143,1,304.47,0.58,0.58
-3.71125,1,334.56,3.72,3.72
-3.7092,1,331.08,9.08,9.08
-3.70886,1,331.65,2.9,2.9
-3.70589,1,330.74,9.91,9.91
-3.70519,1,332.13,2.9,2.9
-3.70395,1,336.87,9.11,9.11
-3.70259,1,367,11.35,11.35
-3.69876,1,317.92,2.95,2.95
-3.69871,1,333.6,6.19,6.19
-3.69856,1,303.42,0.82,0.82
-3.69842,1,328.3,4.07,4.07
-3.69801,1,327.04,2.47,2.47
-3.69615,1,333.48,2.68,2.68
-3.69606,1,333.61,4.16,4.16
-3.69505,1,356.29,15.09,15.09
-3.69471,1,339.87,13.5,13.5
-3.69386,1,346.86,10.02,10.02
-3.69281,1,328.91,3.24,3.24
-3.6925,1,333.75,6.89,6.89
-3.69116,1,330.15,1.29,1.29
-3.69037,1,332.54,3.01,3.01
-3.69004,1,311.02,2.01,2.01
-3.68992,1,331.74,2.7,2.7
-3.68975,1,337.51,3.72,3.72
-3.68948,1,305.21,0.78,0.78
-3.68913,1,340.42,3.56,3.56
-3.68911,1,295.7,1.04,1.04
-3.68904,1,331.62,2.03,2.03
-3.68903,1,330.85,2.79,2.79
-3.68882,1,337.46,4.27,4.27
-3.68861,1,335.26,5.71,5.71
-3.6885,1,350.25,24.79,24.79
-3.68825,1,331.89,6.42,6.42
-3.68787,1,337.1,11.08,11.08
-3.68786,1,327.84,3.07,3.07
-3.68775,1,337.09,5.37,5.37
-3.68773,1,336.09,5.6,5.6
-3.68751,1,330.51,12.95,12.95
-3.68749,1,331.71,6.32,6.32
-3.68732,1,335.14,10.83,10.83
-3.68715,1,337.95,13.26,13.26
-3.68671,1,331.07,2.64,2.64
-3.68643,1,339.2,5.27,5.27
-3.68627,1,332.12,2.75,2.75
-3.68605,1,344.98,8.66,8.66
-3.68587,1,367,10.05,10.05
-3.68523,1,337.13,3.02,3.02
-3.68513,1,315.56,1.13,1.13
-3.68469,1,333.12,3.06,3.06
-3.68395,1,330.81,2.8,2.8
-3.68249,1,337.04,3.71,3.71
-3.68181,1,309.72,1.35,1.35
-3.68171,1,341.82,25.72,25.72
-3.68157,1,341.53,9.04,9.04
-3.67944,1,338.15,4.98,4.98
-3.67858,1,330.87,2.58,2.58
-3.67828,1,337.51,25.09,25.09
-3.67783,1,331.89,73.73,73.73
-3.67778,1,332.64,4.89,4.89
-3.67693,1,332.64,2.01,2.01
-3.676,1,330.94,1.58,1.58
-3.67526,1,338.24,6.42,6.42
-3.67483,1,336.57,7.54,7.54
-3.67449,1,334.72,9.23,9.23
-3.67351,1,327.15,2.31,2.31
-3.67318,1,336.47,15.62,15.62
-3.67253,1,299.07,0.8,0.8
-3.67209,1,334.8,29.76,29.76
-3.67167,1,335.71,3.53,3.53
-3.67009,1,329.65,3.51,3.51
-3.66902,1,329.97,3.71,3.71
-3.66864,1,331.07,2.78,2.78
-3.66841,1,334.8,11.25,11.25
-3.66816,1,339.31,2.84,2.84
-3.66796,1,338.74,4.12,4.12
-3.66754,1,332.43,2.98,2.98
-3.66713,1,333.93,6.59,6.59
-3.6653,1,341.62,11.25,11.25
-3.66521,1,334.05,3.43,3.43
-3.66467,1,337.35,2.75,2.75
-3.66452,1,342.87,4.62,4.62
-3.66352,1,332.77,6.1,6.1
-3.66301,1,345.93,6.32,6.32
-3.66199,1,329.47,1.86,1.86
-3.66161,1,336.38,5.58,5.58
-3.66134,1,333.12,3.22,3.22
-3.66047,1,367,11,11
-3.65881,1,328.97,2.79,2.79
-3.65774,1,330.56,4.39,4.39
-3.65694,1,338.18,4.06,4.06
-3.65541,1,340.28,4.99,4.99
-3.65535,1,339.06,5.84,5.84
-3.65352,1,333.15,2.42,2.42
-3.65248,1,334.06,3.73,3.73
-3.65228,1,335.95,11.1,11.1
-3.64907,1,338.45,4.99,4.99
-3.64859,1,333.73,3.23,3.23
-3.64628,1,353.47,26.59,26.59
-3.64577,1,328.26,1.75,1.75
-3.63322,1,335.23,4,4
-3.6329,1,335.48,14.9,14.9
-3.63034,1,334.29,3.25,3.25
-3.62961,1,346.18,10.1,10.1
-3.62942,1,351.8,7.9,7.9
-3.62583,1,331.95,3.43,3.43
-3.62564,1,329.69,1.77,1.77
-3.62503,1,308.55,0.6,0.6
-3.62342,1,332.02,7.64,7.64
-3.62278,1,329.63,9.67,9.67
-3.61979,1,330.64,2.44,2.44
-3.61961,1,333.08,5.93,5.93
-3.61849,1,303.36,0.83,0.83
-3.6133,1,341.54,6.66,6.66
-3.61061,1,344.23,9.67,9.67
-3.60613,1,342.51,14.79,14.79
-3.60533,1,302.84,1.73,1.73
-3.60415,1,307.93,1.32,1.32
-3.60379,1,332.95,2.33,2.33
-3.60232,1,332.09,2.32,2.32
-3.60214,1,317.83,2.62,2.62
-3.60209,1,335.55,8.52,8.52
-3.59959,1,335.34,3.43,3.43
-3.59791,1,348.48,34.43,34.43
-3.59777,1,333.75,5.74,5.74
-3.59766,1,334.18,7.14,7.14
-3.59616,1,332.13,6.69,6.69
-3.59528,1,308.63,1.67,1.67
-3.59247,1,332.25,4.94,4.94
-3.58886,1,334.58,5.74,5.74
-3.58828,1,328.24,4.19,4.19
-3.58642,1,346.1,8.37,8.37
-3.58261,1,334.47,6.2,6.2
-3.58254,1,329.05,1.95,1.95
-3.58145,1,300.77,1.8,1.8
-3.58036,1,330.14,2.93,2.93
-3.57715,1,336.38,2.53,2.53
-3.57673,1,305.9,0.67,0.67
-3.57562,1,331.56,3.43,3.43
-3.57451,1,345.62,5.89,5.89
-3.57376,1,342.15,16.43,16.43
-3.5729,1,338.81,4.06,4.06
-3.57124,1,331.63,2.62,2.62
-3.56564,1,344.93,9.18,9.18
-3.56558,1,331.28,7.04,7.04
-3.56547,1,341.67,18.41,18.41
-3.56433,1,335.59,6.2,6.2
-3.56338,1,338.14,2.92,2.92
-3.55816,1,332.06,5.18,5.18
-3.55464,1,350.47,5.39,5.39
-3.55354,1,333.32,1.97,1.97
-3.55297,1,307.45,1.92,1.92
-3.55213,1,342.03,4.4,4.4
-3.55177,1,333.64,1.64,1.64
-3.55153,1,347.4,6.38,6.38
-3.54969,1,337.94,3.69,3.69
-3.54934,1,332.65,2.05,2.05
-3.54874,1,309.87,1.8,1.8
-3.54835,1,331.24,2.17,2.17
-3.54726,1,332.27,4.43,4.43
-3.54688,1,340.21,5.23,5.23
-3.54668,1,304.15,0.65,0.65
-3.54644,1,329.35,5.39,5.39
-3.54619,1,330.74,5.11,5.11
-3.54585,1,338.88,4.4,4.4
-3.54558,1,329.29,3.21,3.21
-3.54388,1,304.14,0.87,0.87
-3.54313,1,334.31,2.4,2.4
-3.54183,1,335.96,4.15,4.15
-3.54103,1,329.56,1.85,1.85
-3.53993,1,332.57,3.22,3.22
-3.53976,1,338.79,4.06,4.06
-3.5356,1,327.75,3.48,3.48
-3.53478,1,333.92,3.66,3.66
-3.5347,1,329.86,3.01,3.01
-3.53229,1,328.16,2.67,2.67
-3.53082,1,332.74,4.76,4.76
-3.52877,1,303.96,2.94,2.94
-3.52746,1,332.66,2.88,2.88
-3.52635,1,301.48,1.47,1.47
-3.52597,1,326.57,1.95,1.95
-3.52574,1,332.17,5.1,5.1
-3.52511,1,336.82,6.64,6.64
-3.52464,1,330.74,2.36,2.36
-3.52455,1,331.23,2.07,2.07
-3.52447,1,339.78,9.09,9.09
-3.52407,1,352.94,4.84,4.84
-3.52286,1,333.84,7.25,7.25
-3.51693,1,332.85,1.09,1.09
-3.51634,1,332.95,2.94,2.94
-3.51441,1,332.8,2.9,2.9
-3.51221,1,351.66,14.99,14.99
-3.51187,1,330.21,2.39,2.39
-3.51049,1,338.94,4.8,4.8
-3.50999,1,334.77,2.77,2.77
-3.50911,1,331.62,2.47,2.47
-3.50792,1,336.97,8.19,8.19
-3.5078,1,335.81,3.68,3.68
-3.50644,1,343.05,4.8,4.8
-3.50617,1,332.51,2.1,2.1
-3.50514,1,300.14,1.18,1.18
-3.50504,1,303.99,1.62,1.62
-3.50449,1,345.41,6.52,6.52
-3.50172,1,331.08,3.07,3.07
-3.50084,1,331.83,24.03,24.03
-3.5003,1,339.28,5.94,5.94
-3.50016,1,310.65,2.32,2.32
-3.49998,1,354.15,8.51,8.51
-3.49907,1,339.44,10.9,10.9
-3.49893,1,330.86,2.8,2.8
-3.4985,1,338.53,4.04,4.04
-3.49627,1,322.44,3.05,3.05
-3.49614,1,331.08,4.03,4.03
-3.49508,1,340.7,6.85,6.85
-3.49329,1,339.56,6.8,6.8
-3.49261,1,329.41,6.33,6.33
-3.49125,1,331.56,12.34,12.34
-3.49072,1,313.56,1.6,1.6
-3.49044,1,332.19,2.46,2.46
-3.48903,1,329.97,3.24,3.24
-3.48842,1,338.44,14.99,14.99
-3.48831,1,311.29,1.02,1.02
-3.48796,1,333.62,2.86,2.86
-3.48777,1,351.07,8.23,8.23
-3.48753,1,337.94,6.23,6.23
-3.48748,1,332.99,3.14,3.14
-3.48743,1,332.68,4.25,4.25
-3.48716,1,367,8.01,8.01
-3.48599,1,308.32,1.03,1.03
-3.48489,1,330.38,2.67,2.67
-3.48434,1,328.81,2.84,2.84
-3.48408,1,339.95,7.24,7.24
-3.48405,1,333.42,3.78,3.78
-3.48396,1,338.42,53.41,53.41
-3.48216,1,334.72,6.12,6.12
-3.48187,1,337.09,3.81,3.81
-3.48151,1,330.93,1.36,1.36
-3.48065,1,349.31,19.32,19.32
-3.47974,1,299.25,0.85,0.85
-3.47956,1,331.4,3.91,3.91
-3.47938,1,333,1.93,1.93
-3.47916,1,330.18,3.92,3.92
-3.47912,1,332.75,4.89,4.89
-3.47813,1,328.25,2.32,2.32
-3.47704,1,321.59,4.52,4.52
-3.477,1,305.24,0.63,0.63
-3.47587,1,344.38,7.3,7.3
-3.47316,1,329.4,3.6,3.6
-3.47252,1,310.46,1.9,1.9
-3.47194,1,308.71,1.31,1.31
-3.47177,1,302.94,1.53,1.53
-3.47073,1,341.53,11.86,11.86
-3.47048,1,347.66,11.66,11.66
-3.46786,1,299.28,1.78,1.78
-3.46706,1,337.5,4.71,4.71
-3.46699,1,302.86,1.47,1.47
-3.4668,1,332.63,3.58,3.58
-3.46644,1,348.37,5.97,5.97
-3.46437,1,337.12,7.91,7.91
-3.46409,1,352.07,5.25,5.25
-3.46343,1,333.74,5.08,5.08
-3.46342,1,351.24,19.32,19.32
-3.46322,1,334.95,2.75,2.75
-3.46224,1,335.31,1.78,1.78
-3.46179,1,329.31,2.79,2.79
-3.46068,1,335.61,6.95,6.95
-3.45715,1,310.96,2.21,2.21
-3.45655,1,331.57,4.5,4.5
-3.45546,1,330.5,1.67,1.67
-3.45532,1,336.25,2.72,2.72
-3.45419,1,332.22,3.46,3.46
-3.45121,1,307.41,0.79,0.79
-3.45072,1,333.16,24.81,24.81
-3.44968,1,302.42,1.1,1.1
-3.44898,1,296.2,1.14,1.14
-3.44864,1,338.83,5.99,5.99
-3.44442,1,335.43,6.48,6.48
-3.44432,1,344.67,8.11,8.11
-3.44415,1,333.97,3.96,3.96
-3.44305,1,339.78,6.07,6.07
-3.44278,1,331.76,4.89,4.89
-3.44055,1,336.6,10.44,10.44
-3.43692,1,333.66,4.21,4.21
-3.4363,1,331.65,3.45,3.45
-3.43554,1,337.59,5.46,5.46
-3.43532,1,301.75,1.6,1.6
-3.43464,1,334.75,10.34,10.34
-3.43433,1,335.38,3.96,3.96
-3.43423,1,339.08,13.53,13.53
-3.43364,1,367,7.89,7.89
-3.43235,1,333.77,4.69,4.69
-3.43215,1,340.67,9.28,9.28
-3.43067,1,331.88,3.3,3.3
-3.42976,1,300.74,1.42,1.42
-3.42859,1,329.93,5.34,5.34
-3.42698,1,331.72,5.82,5.82
-3.42642,1,342.15,5.61,5.61
-3.42624,1,334.39,6.5,6.5
-3.42515,1,342.69,14.47,14.47
-3.42504,1,332.67,4.88,4.88
-3.42495,1,311.59,1.07,1.07
-3.42485,1,340.3,5.81,5.81
-3.42468,1,367,19.47,19.47
-3.42383,1,322.25,1.52,1.52
-3.42345,1,330.93,8.34,8.34
-3.42198,1,332.73,2.55,2.55
-3.4215,1,336.09,23.74,23.74
-3.42063,1,326.49,3.58,3.58
-3.42041,1,309.74,1.01,1.01
-3.41927,1,309.17,0.8,0.8
-3.4182,1,323.71,11.38,11.38
-3.41627,1,314.18,1.73,1.73
-3.41583,1,309.26,1.01,1.01
-3.41535,1,303.94,0.63,0.63
-3.41519,1,303.24,2.2,2.2
-3.41409,1,337.45,4.19,4.19
-3.41384,1,334.33,4.89,4.89
-3.41242,1,335.02,4.46,4.46
-3.41232,1,334.42,3.25,3.25
-3.41167,1,331.09,3.67,3.67
-3.41106,1,333.46,1.76,1.76
-3.41088,1,333.24,3.42,3.42
-3.40995,1,330.54,2.33,2.33
-3.4089,1,338.6,3.39,3.39
-3.40788,1,333.76,3.38,3.38
-3.40749,1,342.83,4.95,4.95
-3.40535,1,311.07,2.66,2.66
-3.4031,1,333.51,4.08,4.08
-3.40059,1,331.1,2.24,2.24
-3.39948,1,340.65,5.34,5.34
-3.39701,1,331.3,22.55,22.55
-3.39676,1,319.93,1.8,1.8
-3.39649,1,340.95,4.54,4.54
-3.39504,1,335.16,14.16,14.16
-3.3945,1,343.99,7.99,7.99
-3.39446,1,335.23,4.9,4.9
-3.39418,1,336.12,3.6,3.6
-3.39223,1,343.9,33.14,33.14
-3.39163,1,341.62,18.89,18.89
-3.39115,1,348.19,11.99,11.99
-3.3905,1,333.15,6.56,6.56
-3.38985,1,344.32,11.56,11.56
-3.38853,1,301.5,1.04,1.04
-3.38847,1,352.7,8.89,8.89
-3.38786,1,344.34,4.37,4.37
-3.38665,1,336.14,3.97,3.97
-3.38581,1,330.9,3.62,3.62
-3.38558,1,336.82,6.72,6.72
-3.38527,1,333.6,18.89,18.89
-3.38522,1,345.23,6.08,6.08
-3.38513,1,330.17,0.96,0.96
-3.38503,1,330.16,2.04,2.04
-3.38423,1,334.08,5.17,5.17
-3.38298,1,310.43,0.96,0.96
-3.3827,1,341.67,4.89,4.89
-3.38249,1,335.53,4.94,4.94
-3.38188,1,330.87,8.89,8.89
-3.38131,1,346.05,3.67,3.67
-3.38001,1,301.66,0.56,0.56
-3.3798,1,337.87,5.48,5.48
-3.37924,1,328.61,4.2,4.2
-3.37742,1,336.24,4.43,4.43
-3.37735,1,338.86,4.25,4.25
-3.37602,1,307.57,1.56,1.56
-3.37509,1,341.39,15.69,15.69
-3.3738,1,303.3,0.86,0.86
-3.3733,1,343.62,7.8,7.8
-3.37295,1,336.95,4.32,4.32
-3.37294,1,305.78,0.8,0.8
-3.37192,1,331.88,3.73,3.73
-3.37105,1,329.74,5.21,5.21
-3.37074,1,343.13,54.09,54.09
-3.37003,1,332.93,22.21,22.21
-3.36974,1,306.76,1.79,1.79
-3.36465,1,331.91,11.38,11.38
-3.36381,1,331.17,7.65,7.65
-3.36284,1,343.7,21.9,21.9
-3.36149,1,334.6,3.05,3.05
-3.36103,1,343.04,11.47,11.47
-3.35909,1,315.93,1.66,1.66
-3.35823,1,305.01,1.95,1.95
-3.35752,1,336.67,2.92,2.92
-3.35455,1,333.19,4.9,4.9
-3.34937,1,334.57,8.95,8.95
-3.34843,1,303.93,0.62,0.62
-3.34539,1,297.38,1.14,1.14
-3.34532,1,336.74,2.99,2.99
-3.34484,1,331.18,2.61,2.61
-3.34264,1,304.94,0.58,0.58
-3.3384,1,331.4,4.11,4.11
-3.33824,1,335.94,28.01,28.01
-3.33791,1,309.94,1.88,1.88
-3.33485,1,307.94,1.08,1.08
-3.33464,1,336.78,6.21,6.21
-3.33248,1,308.85,1.2,1.2
-3.3323,1,334.67,4.19,4.19
-3.33173,1,367,11.34,11.34
-3.33168,1,335.76,34.43,34.43
-3.33092,1,339.66,2.43,2.43
-3.33032,1,329.86,2.43,2.43
-3.32916,1,330.93,2.77,2.77
-3.32825,1,303.38,1.45,1.45
-3.32789,1,331.52,5.67,5.67
-3.32648,1,334.26,8.95,8.95
-3.32471,1,299.74,1.79,1.79
-3.32394,1,351.07,20.96,20.96
-3.3222,1,339.84,3.15,3.15
-3.32062,1,340.29,10.88,10.88
-3.32036,1,367,11.88,11.88
-3.32026,1,331.72,4.72,4.72
-3.31933,1,367,11.88,11.88
-3.31476,1,332.6,5.63,5.63
-3.3121,1,356.04,29.94,29.94
-3.31032,1,331.79,5.64,5.64
-3.30907,1,344.59,8.51,8.51
-3.3085,1,351.94,11.62,11.62
-3.30827,1,333.3,4.21,4.21
-3.30783,1,329.6,3.63,3.63
-3.3074,1,331.16,1.67,1.67
-3.30687,1,354.59,26.59,26.59
-3.30629,1,328.96,2.48,2.48
-3.30624,1,334.48,8.07,8.07
-3.3061,1,331.74,2.67,2.67
-3.30592,1,351.19,22.16,22.16
-3.30563,1,334.29,1.52,1.52
-3.30521,1,339.71,7.47,7.47
-3.3039,1,333.67,1.91,1.91
-3.29359,1,329.83,2.46,2.46
-3.29142,1,346.08,16.43,16.43
-3.29115,1,334.01,2.97,2.97
-3.29033,1,340.22,3.4,3.4
-3.28005,1,339.63,2.7,2.7
-3.27949,1,308.46,0.57,0.57
-3.27602,1,341.89,18.32,18.32
-3.27384,1,301.33,2.12,2.12
-3.27309,1,335.52,3.42,3.42
-3.27294,1,349.04,10.38,10.38
-3.27183,1,341.43,3.9,3.9
-3.27029,1,311.75,1.14,1.14
-3.26961,1,302.64,1.37,1.37
-3.2683,1,345.49,6.13,6.13
-3.26828,1,304.59,4.5,4.5
-3.26767,1,331.74,3.21,3.21
-3.26503,1,367,16.05,16.05
-3.26463,1,346.57,12.48,12.48
-3.26443,1,328.54,2.27,2.27
-3.26395,1,313.05,2.55,2.55
-3.26261,1,337.65,6.41,6.41
-3.26148,1,334.11,2.45,2.45
-3.26067,1,326.37,2.22,2.22
-3.25895,1,310.08,0.95,0.95
-3.25894,1,333.65,4.76,4.76
-3.25883,1,334.81,4.55,4.55
-3.25713,1,334.08,3.79,3.79
-3.25581,1,333.85,4.85,4.85
-3.25477,1,340.34,4.21,4.21
-3.25448,1,347.96,6.41,6.41
-3.25232,1,345.27,14.52,14.52
-3.25149,1,303.37,0.59,0.59
-3.24958,1,341.95,5.1,5.1
-3.24726,1,330.86,8.68,8.68
-3.24686,1,333.37,3.89,3.89
-3.23951,1,333.66,2.86,2.86
-3.23915,1,333.27,3.16,3.16
-3.23844,1,324.28,6.54,6.54
-3.2384,1,333.09,4.15,4.15
-3.23735,1,327.5,2.65,2.65
-3.23685,1,331.1,2.28,2.28
-3.23568,1,343.12,11.69,11.69
-3.23529,1,344.99,5.73,5.73
-3.23512,1,333.79,7.54,7.54
-3.23489,1,332.25,3.1,3.1
-3.23486,1,347.31,11.09,11.09
-3.23338,1,305.05,1.69,1.69
-3.23326,1,336.24,6.68,6.68
-3.23185,1,330.57,6.31,6.31
-3.22901,1,343.22,9.75,9.75
-3.2287,1,331.36,2.15,2.15
-3.22829,1,302.04,0.98,0.98
-3.2276,1,329.98,1.94,1.94
-3.22618,1,340.73,8.35,8.35
-3.2258,1,367,25.44,25.44
-3.22564,1,339.28,5.98,5.98
-3.22529,1,303.28,1.92,1.92
-3.22475,1,301.54,0.81,0.81
-3.22451,1,333.91,2.87,2.87
-3.22413,1,340.66,8.26,8.26
-3.22398,1,335.74,7.17,7.17
-3.22344,1,336.8,2.92,2.92
-3.22291,1,336.28,6.43,6.43
-3.22233,1,328.5,6.13,6.13
-3.22197,1,301.23,1.51,1.51
-3.22178,1,305,0.58,0.58
-3.22115,1,308.58,1.08,1.08
-3.22081,1,343.88,7.43,7.43
-3.22053,1,319.59,1.72,1.72
-3.21974,1,337.33,23.35,23.35
-3.21968,1,333.58,6.17,6.17
-3.21909,1,367,23.35,23.35
-3.21908,1,331.11,2.93,2.93
-3.21893,1,330.68,3.2,3.2
-3.21844,1,340.47,10.99,10.99
-3.21835,1,341.84,10.04,10.04
-3.21818,1,350.9,6.54,6.54
-3.21694,1,325.66,3.07,3.07
-3.21632,1,338.31,4.84,4.84
-3.2155,1,342.78,10.99,10.99
-3.21536,1,335.99,28.32,28.32
-3.21506,1,333.58,21.77,21.77
-3.21495,1,367,11.92,11.92
-3.21485,1,335.17,6.32,6.32
-3.21437,1,336.7,9.25,9.25
-3.21213,1,329.51,2.7,2.7
-3.212,1,330.81,1.18,1.18
-3.21157,1,332.92,6.82,6.82
-3.2093,1,334.41,2.33,2.33
-3.2086,1,335.54,2.77,2.77
-3.20732,1,326.43,3.52,3.52
-3.20669,1,331.88,4.88,4.88
-3.20495,1,315.93,11.38,11.38
-3.20443,1,338.71,4.52,4.52
-3.20391,1,334.23,11.18,11.18
-3.20352,1,335.34,4.08,4.08
-3.20123,1,329.37,3.35,3.35
-3.20082,1,303.11,1.54,1.54
-3.20076,1,339.14,8.39,8.39
-3.20054,1,333.82,4.92,4.92
-3.2005,1,316.57,1.8,1.8
-3.20046,1,308.25,1.07,1.07
-3.20023,1,332.03,8.36,8.36
-3.19991,1,343.57,6.79,6.79
-3.19925,1,338.47,2.96,2.96
-3.19803,1,342.3,8.93,8.93
-3.19769,1,330.82,2.46,2.46
-3.19741,1,333.04,5.74,5.74
-3.19612,1,341,28.84,28.84
-3.19592,1,306.23,0.7,0.7
-3.19562,1,340.28,5.54,5.54
-3.19498,1,332.11,8.76,8.76
-3.19475,1,336.35,6.22,6.22
-3.1944,1,337.02,4.65,4.65
-3.19427,1,327.44,3.27,3.27
-3.194,1,332.76,8.88,8.88
-3.19329,1,346.96,16.46,16.46
-3.19328,1,333.1,2.39,2.39
-3.19251,1,336.27,4.81,4.81
-3.1922,1,310.79,1,1
-3.19136,1,333.69,6.31,6.31
-3.19128,1,332.67,4.25,4.25
-3.19087,1,340.46,6.82,6.82
-3.19083,1,328.58,2.9,2.9
-3.19067,1,334.51,4.29,4.29
-3.19018,1,348.11,5.16,5.16
-3.19015,1,301.66,0.6,0.6
-3.19009,1,341.59,5.49,5.49
-3.18921,1,344.25,10.35,10.35
-3.18804,1,329.61,7.99,7.99
-3.18803,1,334.56,6.37,6.37
-3.18676,1,331.18,2.97,2.97
-3.1859,1,343.82,14.32,14.32
-3.1845,1,313.14,10.38,10.38
-3.18439,1,333.1,4.09,4.09
-3.1839,1,342.75,6.15,6.15
-3.18188,1,336.3,5.93,5.93
-3.18116,1,331.04,2.63,2.63
-3.17999,1,367,4.84,4.84
-3.17945,1,334.84,3.17,3.17
-3.17789,1,336.33,6.39,6.39
-3.17731,1,331.96,4.01,4.01
-3.1771,1,328.04,3.33,3.33
-3.17657,1,330.94,3.63,3.63
-3.17545,1,312.53,1.67,1.67
-3.17514,1,343.09,16.95,16.95
-3.17172,1,337,6.82,6.82
-3.1691,1,341.99,10.56,10.56
-3.16882,1,341.62,8.97,8.97
-3.16779,1,329.32,2.3,2.3
-3.16694,1,300.77,0.87,0.87
-3.16563,1,305.76,0.89,0.89
-3.16457,1,329.45,4.41,4.41
-3.16353,1,335.41,5.28,5.28
-3.16093,1,336.74,3.5,3.5
-3.15975,1,329.07,3.96,3.96
-3.15953,1,328.36,3.49,3.49
-3.15889,1,331.83,2.55,2.55
-3.15751,1,367,13.07,13.07
-3.15739,1,306.23,1.74,1.74
-3.15689,1,351.35,4.51,4.51
-3.15585,1,341.36,8.5,8.5
-3.15572,1,331.68,1.67,1.67
-3.15551,1,327.42,1.38,1.38
-3.15529,1,332.9,3.08,3.08
-3.15504,1,334.18,45.58,45.58
-3.15501,1,336.45,7.81,7.81
-3.1545,1,354.14,4.14,4.14
-3.15444,1,329.44,4.72,4.72
-3.15429,1,330.58,3.18,3.18
-3.15366,1,335.75,9.13,9.13
-3.15347,1,336.89,3.39,3.39
-3.15234,1,317.24,2.84,2.84
-3.15158,1,338,8.29,8.29
-3.15137,1,339.74,3.06,3.06
-3.15106,1,330.13,3.58,3.58
-3.14911,1,331.02,2.78,2.78
-3.14863,1,328.01,1.65,1.65
-3.14842,1,335.64,6.14,6.14
-3.14822,1,350.91,8.38,8.38
-3.14816,1,347.04,6.57,6.57
-3.1461,1,335.62,4.8,4.8
-3.14434,1,367,14.49,14.49
-3.14402,1,312.12,1.04,1.04
-3.14387,1,328.32,1.65,1.65
-3.14316,1,329.39,2.7,2.7
-3.14295,1,326.3,4.25,4.25
-3.14289,1,336.65,11.46,11.46
-3.14274,1,335.26,7.75,7.75
-3.14251,1,331.67,6.01,6.01
-3.14209,1,334.45,22.1,22.1
-3.14126,1,332.71,4.95,4.95
-3.14,1,331.5,9.66,9.66
-3.13954,1,331.97,11.99,11.99
-3.13938,1,332.53,4.97,4.97
-3.13931,1,326.01,4.54,4.54
-3.13912,1,340.43,15.48,15.48
-3.13881,1,330.61,7.97,7.97
-3.13836,1,330.24,2.52,2.52
-3.13801,1,343.29,5.77,5.77
-3.13762,1,324.73,0.6,0.6
-3.13751,1,328.96,9.14,9.14
-3.13734,1,332.95,1.77,1.77
-3.13637,1,312.59,1.1,1.1
-3.13569,1,334.19,7.54,7.54
-3.13484,1,335.53,2.14,2.14
-3.1347,1,328.17,2.28,2.28
-3.13439,1,344.19,9.69,9.69
-3.13412,1,345.37,57.57,57.57
-3.13382,1,329.2,3.18,3.18
-3.13378,1,335.43,4.71,4.71
-3.13376,1,338.28,6.36,6.36
-3.13372,1,336.69,7.68,7.68
-3.13338,1,346.5,22,22
-3.13323,1,331.83,4.23,4.23
-3.13291,1,339.46,4.2,4.2
-3.13274,1,341.2,5.3,5.3
-3.132,1,336.41,2.44,2.44
-3.13079,1,336.99,5.28,5.28
-3.13078,1,331.29,4.51,4.51
-3.13064,1,332.77,4.26,4.26
-3.12984,1,332.92,2.64,2.64
-3.12911,1,342.17,10.52,10.52
-3.12845,1,328.11,0.64,0.64
-3.12786,1,331.42,2.47,2.47
-3.12741,1,313.11,1.59,1.59
-3.1262,1,332.22,2.83,2.83
-3.12598,1,335.09,6.7,6.7
-3.12592,1,306.7,1.04,1.04
-3.12556,1,327.22,2.57,2.57
-3.12529,1,339.57,4,4
-3.12481,1,334.85,6.72,6.72
-3.1246,1,341.14,4.97,4.97
-3.12435,1,338.62,10.3,10.3
-3.12427,1,367,11.47,11.47
-3.12377,1,351.46,8.7,8.7
-3.12371,1,338.81,4.14,4.14
-3.12301,1,332.15,3.56,3.56
-3.12282,1,306.74,0.56,0.56
-3.1226,1,334.3,1.28,1.28
-3.12198,1,325.06,4.31,4.31
-3.12174,1,308.41,1.31,1.31
-3.12125,1,332.41,3.56,3.56
-3.12111,1,329.59,2.41,2.41
-3.12081,1,326.7,2.21,2.21
-3.1208,1,345.46,7.36,7.36
-3.12069,1,302.82,0.57,0.57
-3.12049,1,331.88,2.27,2.27
-3.1197,1,333.48,9.99,9.99
-3.119,1,352.81,11.38,11.38
-3.11853,1,351.12,6.99,6.99
-3.11842,1,302.24,1.26,1.26
-3.11757,1,337.49,22,22
-3.11756,1,333.85,5.97,5.97
-3.11749,1,329.78,3.13,3.13
-3.11697,1,337.41,4.04,4.04
-3.1166,1,367,7.54,7.54
-3.11656,1,344.04,9.6,9.6
-3.11482,1,331.23,5.13,5.13
-3.11433,1,334.48,1.73,1.73
-3.11418,1,313.46,2.65,2.65
-3.1139,1,298.38,0.5,0.5
-3.11381,1,328.94,1.86,1.86
-3.11336,1,367,16.9,16.9
-3.11291,1,344.16,7.15,7.15
-3.11249,1,339.26,21.19,21.19
-3.11032,1,344.82,8.45,8.45
-3.10967,1,326.49,3.15,3.15
-3.10903,1,343.02,12.43,12.43
-3.10799,1,330.92,7.94,7.94
-3.10608,1,347.63,11.37,11.37
-3.10479,1,352.41,7.88,7.88
-3.10388,1,327.72,4.31,4.31
-3.10362,1,340.29,5.14,5.14
-3.10358,1,333.09,2.37,2.37
-3.10286,1,327.6,3.44,3.44
-3.10245,1,354.97,25.52,25.52
-3.10205,1,313.02,1.29,1.29
-3.10122,1,352.21,5.48,5.48
-3.10112,1,310,0.63,0.63
-3.10065,1,334.13,4.95,4.95
-3.1001,1,331.85,3.85,3.85
-3.09774,1,332.67,2.74,2.74
-3.0967,1,327.82,2.95,2.95
-3.09332,1,349.81,8.64,8.64
-3.09317,1,329.84,7.62,7.62
-3.08884,1,348.58,31.01,31.01
-3.0887,1,333.59,3.64,3.64
-3.08621,1,333.23,3.22,3.22
-3.08484,1,302.93,1.87,1.87
-3.08406,1,339.5,7.88,7.88
-3.08353,1,332.02,1.97,1.97
-3.08349,1,344.96,7.62,7.62
-3.08176,1,332.59,5.56,5.56
-3.08163,1,346.58,4.79,4.79
-3.08013,1,339.81,7.91,7.91
-3.07997,1,333.41,7.44,7.44
-3.07971,1,330.7,2.39,2.39
-3.07926,1,336.1,9.46,9.46
-3.07922,1,308.55,1.93,1.93
-3.07746,1,301.88,0.6,0.6
-3.0768,1,330.59,1.77,1.77
-3.07654,1,306.1,0.65,0.65
-3.07642,1,314.63,1.57,1.57
-3.07623,1,329.93,2.88,2.88
-3.07588,1,329.34,1.83,1.83
-3.07569,1,337.06,7.05,7.05
-3.07563,1,305.81,0.71,0.71
-3.07547,1,330.33,1.74,1.74
-3.0742,1,333.18,3.28,3.28
-3.07399,1,344.36,7.12,7.12
-3.07116,1,332.48,2.51,2.51
-3.06879,1,315.14,2.87,2.87
-3.06635,1,340.86,11.4,11.4
-3.06597,1,334.97,5.33,5.33
-3.06432,1,335.43,2.68,2.68
-3.06285,1,329.47,2.6,2.6
-3.06121,1,343.57,8.1,8.1
-3.06118,1,328.86,1.97,1.97
-3.06061,1,342.96,3.76,3.76
-3.05992,1,331.93,3.11,3.11
-3.05836,1,338.99,11.85,11.85
-3.05806,1,345.18,8.53,8.53
-3.0575,1,343.04,12.75,12.75
-3.04865,1,306.17,0.5,0.5
-3.04848,1,332.16,3.15,3.15
-3.0471,1,339.85,4.87,4.87
-3.04555,1,345.6,10.41,10.41
-3.04481,1,336.25,5.09,5.09
-3.04406,1,332.78,3.48,3.48
-3.04261,1,367,14.46,14.46
-3.04,1,343.1,6.76,6.76
-3.0339,1,311.8,1.55,1.55
-3.02956,1,343.79,5.33,5.33
-3.02828,1,332.27,2.4,2.4
-3.02489,1,331.18,3.52,3.52
-3.01959,1,331.78,2.72,2.72
-3.01838,1,329.97,3.15,3.15
-3.01735,1,333.79,4.16,4.16
-3.01569,1,339.32,4.53,4.53
-3.01561,1,316.82,1.3,1.3
-3.01305,1,308.66,2.16,2.16
-3.00914,1,309.34,1.57,1.57
-3.00866,1,330.24,4.54,4.54
-3.00846,1,317.32,1.72,1.72
-3.00814,1,338.67,4.51,4.51
-3.00678,1,329.86,3.22,3.22
-3.00435,1,304.55,1.67,1.67
-3.00428,1,332.4,2.48,2.48
-3.00358,1,330.22,2.64,2.64
-3.00325,1,331.86,3.81,3.81
-3.00298,1,333.96,7.8,7.8
-3.00271,1,334.42,10.52,10.52
-3.00185,1,336.06,3.04,3.04
-3.00157,1,304.7,0.55,0.55
-3.00138,1,336.72,4.21,4.21
-3.00051,1,330.76,3.74,3.74
-2.99976,1,330.82,17.68,17.68
-2.99887,1,347.13,7.8,7.8
-2.99747,1,322.47,2.7,2.7
-2.99692,1,306.85,0.8,0.8
-2.99644,1,332.01,3.3,3.3
-2.99618,1,351.09,11.53,11.53
-2.99528,1,331.95,4.06,4.06
-2.99499,1,344.47,7.43,7.43
-2.99434,1,301.3,0.88,0.88
-2.99226,1,338.24,4.51,4.51
-2.99187,1,331.43,3.58,3.58
-2.99172,1,309.52,1.1,1.1
-2.99107,1,334.99,3.87,3.87
-2.98775,1,325.5,2.26,2.26
-2.98716,1,311.14,1.18,1.18
-2.98256,1,331.81,24.82,24.82
-2.98017,1,338.56,5.55,5.55
-2.97685,1,329.14,8.94,8.94
-2.97665,1,340.82,5.74,5.74
-2.97581,1,333.05,4.05,4.05
-2.97515,1,333.04,3.96,3.96
-2.97509,1,333.26,3.01,3.01
-2.97422,1,314.15,1.96,1.96
-2.96918,1,345.01,4.4,4.4
-2.96579,1,307.22,0.75,0.75
-2.96345,1,338.47,8.42,8.42
-2.95095,1,323.65,2.99,2.99
-2.94763,1,306.11,0.64,0.64
-2.94547,1,331.11,3,3
-2.94202,1,323.55,2.3,2.3
-2.93849,1,303.85,1.37,1.37
-2.93825,1,333.19,76.5,76.5
-2.93812,1,342.92,33.57,33.57
-2.93753,1,338.65,8.65,8.65
-2.93597,1,340.74,5.02,5.02
-2.93486,1,305,0.52,0.52
-2.92883,1,347.06,10.38,10.38
-2.92816,1,367,8.96,8.96
-2.92738,1,356.07,12.87,12.87
-2.92111,1,340.56,8.72,8.72
-2.91969,1,331.62,3.71,3.71
-2.91915,1,332.73,3.34,3.34
-2.91873,1,336.25,11.09,11.09
-2.91775,1,345.34,6.88,6.88
-2.9175,1,333.06,3.39,3.39
-2.91635,1,328.93,4.35,4.35
-2.91052,1,330.69,1.98,1.98
-2.90879,1,332.55,4.25,4.25
-2.90424,1,295.34,0.82,0.82
-2.90184,1,339.41,8.57,8.57
-2.9016,1,311.61,0.88,0.88
-2.89948,1,338.49,5.14,5.14
-2.8991,1,332.72,9.8,9.8
-2.89896,1,335.56,4.6,4.6
-2.89738,1,334,5.48,5.48
-2.89415,1,339.74,4.87,4.87
-2.89324,1,326.11,6.32,6.32
-2.89183,1,331.09,5.15,5.15
-2.89181,1,338.74,8.66,8.66
-2.89107,1,349.71,15.17,15.17
-2.88783,1,340.73,4.75,4.75
-2.88759,1,303.35,1.13,1.13
-2.88056,1,331.77,4.55,4.55
-2.87969,1,333.48,5.36,5.36
-2.87824,1,328.59,2.27,2.27
-2.87601,1,333.97,35.92,35.92
-2.87593,1,335.02,3.93,3.93
-2.87374,1,339.14,3.01,3.01
-2.87315,1,331.39,2.79,2.79
-2.87276,1,335.23,3.15,3.15
-2.87202,1,334.32,4.4,4.4
-2.87181,1,305.13,1.19,1.19
-2.87178,1,299.12,1.28,1.28
-2.8711,1,340.14,5.48,5.48
-2.8707,1,307.88,0.77,0.77
-2.87027,1,331.83,2.93,2.93
-2.86985,1,333.45,3.05,3.05
-2.86959,1,339.8,8.25,8.25
-2.8687,1,339.18,6.86,6.86
-2.86788,1,324.56,1.45,1.45
-2.86687,1,330.59,4.08,4.08
-2.86503,1,332.65,22.75,22.75
-2.8613,1,340.01,10.71,10.71
-2.85705,1,335.96,1.91,1.91
-2.85661,1,330.14,6.33,6.33
-2.85617,1,338.6,2.8,2.8
-2.85513,1,332.72,7.83,7.83
-2.8546,1,333.19,3.12,3.12
-2.85291,1,333.24,3.47,3.47
-2.85227,1,332.46,7.85,7.85
-2.8515,1,367,10.39,10.39
-2.85052,1,336.29,4.18,4.18
-2.85027,1,316.2,1.55,1.55
-2.84997,1,332.23,2.48,2.48
-2.84665,1,332.92,4.79,4.79
-2.84387,1,306.31,1.1,1.1
-2.84291,1,334.01,1.71,1.71
-2.84232,1,333.94,3.89,3.89
-2.84206,1,342.11,6.02,6.02
-2.84101,1,348.75,10.93,10.93
-2.84035,1,334.32,3.09,3.09
-2.83661,1,355.49,7.08,7.08
-2.83659,1,340.3,2.52,2.52
-2.83608,1,333.45,47,47
-2.83549,1,330.25,4.16,4.16
-2.83489,1,332.03,3.5,3.5
-2.83476,1,334.58,9.47,9.47
-2.83402,1,342.03,6.56,6.56
-2.83384,1,336.04,4.19,4.19
-2.83336,1,339.74,7.1,7.1
-2.83333,1,367,9.13,9.13
-2.83285,1,367,9.13,9.13
-2.83197,1,333.02,6.79,6.79
-2.83136,1,340.19,9.1,9.1
-2.83071,1,335.91,4.38,4.38
-2.83056,1,336.08,3.71,3.71
-2.82954,1,343.15,5.45,5.45
-2.82945,1,331.98,4.64,4.64
-2.82928,1,367,29.94,29.94
-2.82923,1,331.97,7.96,7.96
-2.82869,1,335.82,3.39,3.39
-2.82848,1,337.93,5.45,5.45
-2.82818,1,347.11,21.9,21.9
-2.82788,1,329.05,4.62,4.62
-2.8278,1,367,9.28,9.28
-2.82434,1,367,18.52,18.52
-2.82284,1,347.92,8.76,8.76
-2.82281,1,328.96,8.1,8.1
-2.82072,1,327.04,5.05,5.05
-2.81993,1,336.76,6.68,6.68
-2.81992,1,333.42,2.71,2.71
-2.8196,1,332.27,2.46,2.46
-2.81915,1,308.55,43.58,43.58
-2.81769,1,345.48,7.65,7.65
-2.81733,1,332,2.59,2.59
-2.8173,1,349.22,4.7,4.7
-2.81723,1,345.02,7.46,7.46
-2.81699,1,330.24,6.78,6.78
-2.81559,1,331.59,13.78,13.78
-2.81512,1,332.91,3.63,3.63
-2.81465,1,337.92,3.57,3.57
-2.81341,1,335.78,4.76,4.76
-2.81322,1,315.13,1.29,1.29
-2.81319,1,335.1,4.06,4.06
-2.81305,1,328.94,5.87,5.87
-2.81283,1,334.37,5.21,5.21
-2.81268,1,341.27,6.04,6.04
-2.81188,1,345.16,11.34,11.34
-2.81136,1,333.28,2.74,2.74
-2.81123,1,331.94,4.66,4.66
-2.81084,1,333.77,8.57,8.57
-2.81067,1,336.98,19.5,19.5
-2.81061,1,332.95,3.34,3.34
-2.81041,1,341,7.44,7.44
-2.81033,1,333.18,3.24,3.24
-2.81012,1,334.89,5.79,5.79
-2.80993,1,304.3,0.69,0.69
-2.80914,1,335.46,4.85,4.85
-2.80782,1,334.49,2.31,2.31
-2.80751,1,356.06,6.81,6.81
-2.80719,1,331.16,5.25,5.25
-2.80623,1,338.06,9.7,9.7
-2.80494,1,312.36,1.14,1.14
-2.80423,1,330.44,2.82,2.82
-2.804,1,326.31,2.15,2.15
-2.80344,1,337.27,2.74,2.74
-2.80301,1,304.15,0.75,0.75
-2.80295,1,346.34,10.6,10.6
-2.80203,1,351.5,18.47,18.47
-2.80145,1,332.19,5.58,5.58
-2.80026,1,349.26,8.97,8.97
-2.79993,1,300.39,3.2,3.2
-2.79797,1,334.58,3.64,3.64
-2.79735,1,335.76,3.73,3.73
-2.79575,1,333.26,5.67,5.67
-2.79427,1,338.84,3.03,3.03
-2.79422,1,334.59,4.26,4.26
-2.79384,1,331.03,3.39,3.39
-2.78974,1,332.76,2.76,2.76
-2.78933,1,338.4,4.02,4.02
-2.7887,1,344.25,10.39,10.39
-2.78843,1,305.46,1.01,1.01
-2.78415,1,336.8,6.15,6.15
-2.78004,1,355.52,6.37,6.37
-2.77919,1,334.93,3.88,3.88
-2.77832,1,333.18,4.36,4.36
-2.77729,1,346.72,10.81,10.81
-2.77719,1,310.95,1.66,1.66
-2.77668,1,340.95,23.91,23.91
-2.77394,1,319.51,1.63,1.63
-2.77286,1,344.92,6.66,6.66
-2.76989,1,347.53,17.12,17.12
-2.76429,1,343.52,11.21,11.21
-2.7641,1,330.52,2.85,2.85
-2.76355,1,350.84,5.23,5.23
-2.76197,1,329.15,2.09,2.09
-2.76141,1,327.55,3.28,3.28
-2.76116,1,310.88,2.26,2.26
-2.76098,1,342.67,12.14,12.14
-2.76042,1,341.5,14.39,14.39
-2.75989,1,340.72,2.9,2.9
-2.75968,1,304.47,1.08,1.08
-2.75964,1,334.15,11.84,11.84
-2.759,1,334.55,8.66,8.66
-2.75893,1,343.97,8.34,8.34
-2.75687,1,344.87,13.38,13.38
-2.75667,1,331.32,6.37,6.37
-2.75601,1,333.6,5.15,5.15
-2.75489,1,335.46,6.53,6.53
-2.75377,1,345.63,6.81,6.81
-2.75362,1,336.08,7.15,7.15
-2.75282,1,328.51,4.53,4.53
-2.75195,1,331.83,2.49,2.49
-2.75187,1,332.99,3.1,3.1
-2.75155,1,330.08,2.72,2.72
-2.7497,1,307.55,1.1,1.1
-2.74958,1,315.41,2.12,2.12
-2.74886,1,329.19,13.04,13.04
-2.74718,1,314.9,4.41,4.41
-2.74647,1,300.07,0.94,0.94
-2.74577,1,336.93,4.35,4.35
-2.74498,1,331.64,4.12,4.12
-2.74348,1,340.75,5.44,5.44
-2.74312,1,328.78,2.17,2.17
-2.74278,1,329.27,3.4,3.4
-2.74259,1,333.61,40.36,40.36
-2.73882,1,339.29,3.61,3.61
-2.73823,1,333.06,4.09,4.09
-2.73606,1,353.67,13.66,13.66
-2.73555,1,341.09,9.98,9.98
-2.7349,1,340.06,13.45,13.45
-2.73466,1,341.06,5.67,5.67
-2.73181,1,306.09,1.42,1.42
-2.73036,1,331.75,3.96,3.96
-2.7303,1,337.82,8.92,8.92
-2.73011,1,302.18,1.6,1.6
-2.72921,1,336.91,7.43,7.43
-2.72914,1,334.75,2.4,2.4
-2.7286,1,330.25,3.8,3.8
-2.72777,1,304.02,0.5,0.5
-2.7277,1,346.1,12.26,12.26
-2.72702,1,303.76,0.5,0.5
-2.72632,1,354.98,15.37,15.37
-2.72615,1,331.53,5.05,5.05
-2.72538,1,339.68,4.44,4.44
-2.72509,1,307.22,1.2,1.2
-2.72499,1,330.61,3,3
-2.72424,1,301.59,2.75,2.75
-2.72363,1,331.79,7.21,7.21
-2.72337,1,342.12,11.15,11.15
-2.72328,1,339.5,9.22,9.22
-2.72301,1,344.2,9.85,9.85
-2.72267,1,332.44,4.85,4.85
-2.72136,1,311.19,1.36,1.36
-2.72122,1,329.38,3.7,3.7
-2.72095,1,316.83,1.23,1.23
-2.72081,1,322.32,2.07,2.07
-2.71978,1,317.73,12.16,12.16
-2.71943,1,338.89,3.76,3.76
-2.71918,1,316.27,1.48,1.48
-2.71893,1,367,13.04,13.04
-2.71889,1,340.99,9.74,9.74
-2.7188,1,323.25,3.78,3.78
-2.71708,1,344.93,11.02,11.02
-2.71656,1,334.79,5.2,5.2
-2.71628,1,319.93,6.54,6.54
-2.71569,1,303.63,1.48,1.48
-2.71565,1,339.96,11.95,11.95
-2.71517,1,330.74,2.26,2.26
-2.71511,1,327.11,10.2,10.2
-2.71484,1,335.73,10.88,10.88
-2.71464,1,336.41,5.08,5.08
-2.71431,1,345.06,4.65,4.65
-2.71417,1,331.93,1.66,1.66
-2.71412,1,340.85,36.53,36.53
-2.71387,1,343.12,7.87,7.87
-2.71378,1,331.6,3.15,3.15
-2.71275,1,334.26,4.84,4.84
-2.71245,1,334.46,22.15,22.15
-2.7122,1,302.28,0.64,0.64
-2.71199,1,346.89,21.15,21.15
-2.71059,1,333.77,1.69,1.69
-2.71057,1,308.32,0.77,0.77
-2.71024,1,334.92,4.97,4.97
-2.70997,1,329.76,2.4,2.4
-2.70946,1,305.16,1.3,1.3
-2.7087,1,304.39,0.64,0.64
-2.70839,1,307.02,0.82,0.82
-2.70785,1,319.24,4.17,4.17
-2.70694,1,329.08,1.91,1.91
-2.70601,1,321.56,2.16,2.16
-2.706,1,331.91,2.97,2.97
-2.70543,1,329.97,2.03,2.03
-2.70526,1,335.15,3.96,3.96
-2.70518,1,330.95,2.26,2.26
-2.70498,1,330.75,3.84,3.84
-2.70484,1,339.19,8.09,8.09
-2.70479,1,330.94,2.62,2.62
-2.70309,1,344.28,7.16,7.16
-2.70248,1,332.44,4.15,4.15
-2.70232,1,325.65,1.13,1.13
-2.70141,1,320.62,2.16,2.16
-2.70071,1,332.73,3.52,3.52
-2.70065,1,306.5,0.8,0.8
-2.70025,1,336.76,27.02,27.02
-2.69936,1,331.09,5.96,5.96
-2.69852,1,347.58,5.82,5.82
-2.69846,1,342.88,8.68,8.68
-2.69819,1,304.45,0.66,0.66
-2.69796,1,308.84,1.98,1.98
-2.69771,1,308.17,1.04,1.04
-2.69759,1,340.58,11.95,11.95
-2.69732,1,355.8,19.89,19.89
-2.69709,1,334.55,2.36,2.36
-2.6959,1,327.17,1.93,1.93
-2.69388,1,342.82,5.93,5.93
-2.69259,1,343.29,10.81,10.81
-2.69181,1,345.65,4.06,4.06
-2.69154,1,341.67,24.06,24.06
-2.69134,1,340,9.39,9.39
-2.69116,1,337.13,2.59,2.59
-2.69112,1,336.46,8.38,8.38
-2.68984,1,350.89,3.76,3.76
-2.68967,1,339.83,2.48,2.48
-2.68952,1,343.97,9.17,9.17
-2.68926,1,351.49,19.85,19.85
-2.68841,1,335.16,4.5,4.5
-2.68806,1,342.4,6.95,6.95
-2.68778,1,335,3.49,3.49
-2.68702,1,341.59,3,3
-2.68677,1,341.53,32.59,32.59
-2.68651,1,334.33,8.55,8.55
-2.68648,1,338.78,4.08,4.08
-2.6862,1,342.58,5.19,5.19
-2.68594,1,353.55,6.38,6.38
-2.68526,1,330.79,5.01,5.01
-2.68484,1,334.33,5.38,5.38
-2.68469,1,333.54,4.88,4.88
-2.68447,1,332.88,5.95,5.95
-2.68423,1,327.78,2.52,2.52
-2.68319,1,331.6,2.2,2.2
-2.68217,1,331.06,2.26,2.26
-2.681,1,327.67,1.33,1.33
-2.68062,1,307.97,1.69,1.69
-2.67993,1,332.38,2.75,2.75
-2.67943,1,338.71,3.14,3.14
-2.67932,1,340.65,5.36,5.36
-2.67906,1,326.14,3.28,3.28
-2.67869,1,303.74,1.3,1.3
-2.67841,1,332.55,6.59,6.59
-2.67818,1,315.57,0.86,0.86
-2.67795,1,355.45,17.48,17.48
-2.67794,1,316.74,1.63,1.63
-2.67793,1,340.63,10.77,10.77
-2.67708,1,342.36,3.27,3.27
-2.67686,1,354.28,9.43,9.43
-2.67677,1,339.74,22.13,22.13
-2.67646,1,355.87,12.19,12.19
-2.67641,1,333.15,4.05,4.05
-2.67638,1,331.71,2.77,2.77
-2.67521,1,335.94,40.36,40.36
-2.67505,1,327.78,10.87,10.87
-2.67494,1,332.8,2.91,2.91
-2.67476,1,345.97,9.36,9.36
-2.67377,1,345.06,5.75,5.75
-2.67343,1,334.55,3.93,3.93
-2.67342,1,333.6,1.72,1.72
-2.67323,1,309.93,0.96,0.96
-2.67309,1,351.37,40.36,40.36
-2.67272,1,327.76,5.91,5.91
-2.67243,1,336.56,7.36,7.36
-2.67228,1,334.84,2.44,2.44
-2.67203,1,334.76,4.59,4.59
-2.67166,1,347.49,7.09,7.09
-2.67153,1,343.64,22.29,22.29
-2.66965,1,307.04,1.48,1.48
-2.66931,1,304.28,2.5,2.5
-2.66921,1,342.82,5.66,5.66
-2.66857,1,334.86,3.59,3.59
-2.66789,1,332.06,4.14,4.14
-2.66536,1,345.49,4.62,4.62
-2.66525,1,330.37,2,2
-2.66465,1,334.89,3.14,3.14
-2.66432,1,339.17,11.01,11.01
-2.66399,1,332.27,3.11,3.11
-2.66358,1,343.3,8.39,8.39
-2.66347,1,339.61,3.31,3.31
-2.66306,1,339.64,7.05,7.05
-2.66267,1,329.17,3.97,3.97
-2.66254,1,299.65,0.55,0.55
-2.66248,1,355.38,5.79,5.79
-2.66193,1,299.83,0.53,0.53
-2.66184,1,303.49,0.75,0.75
-2.66079,1,336.5,3.32,3.32
-2.66035,1,334.72,3.8,3.8
-2.66005,1,335.09,3.14,3.14
-2.6598,1,304.77,2.82,2.82
-2.65975,1,305.83,0.88,0.88
-2.6595,1,330.17,7.45,7.45
-2.65924,1,303.95,1.08,1.08
-2.65911,1,300.07,2.37,2.37
-2.65869,1,302.66,0.64,0.64
-2.65863,1,334.58,3.22,3.22
-2.65839,1,320.88,3.14,3.14
-2.65789,1,331.52,2.76,2.76
-2.65768,1,305.02,2.48,2.48
-2.65742,1,333.83,2.81,2.81
-2.6573,1,310.93,1.41,1.41
-2.65608,1,337.76,5.15,5.15
-2.65562,1,337.39,3.01,3.01
-2.6556,1,310.37,1.86,1.86
-2.65528,1,344.77,7.1,7.1
-2.65496,1,332,4.08,4.08
-2.65242,1,329.38,3.46,3.46
-2.6515,1,337.06,4.01,4.01
-2.65126,1,335.59,4,4
-2.65117,1,333.99,3.68,3.68
-2.65095,1,343.65,7.03,7.03
-2.65093,1,341.49,8.41,8.41
-2.65047,1,355.51,16.46,16.46
-2.65032,1,332.04,27.37,27.37
-2.65027,1,332.48,4.68,4.68
-2.65011,1,333.24,2.96,2.96
-2.64998,1,295.6,0.6,0.6
-2.64989,1,331.65,4.49,4.49
-2.64984,1,329.75,4.81,4.81
-2.64945,1,306.18,0.83,0.83
-2.64908,1,367,9.8,9.8
-2.64876,1,332.01,2.89,2.89
-2.64872,1,303.5,1.29,1.29
-2.64862,1,337.5,4.44,4.44
-2.64819,1,336.73,9.1,9.1
-2.64815,1,327.8,34.79,34.79
-2.64734,1,336.25,4.45,4.45
-2.64726,1,335.58,20.69,20.69
-2.64673,1,346.39,12.86,12.86
-2.64658,1,337.35,2.24,2.24
-2.64632,1,330.44,2.55,2.55
-2.64611,1,338.98,5.54,5.54
-2.64576,1,329.25,4.18,4.18
-2.64571,1,332.23,2.34,2.34
-2.64563,1,332.71,3.43,3.43
-2.64558,1,344.75,6.94,6.94
-2.64534,1,328.59,2.98,2.98
-2.64528,1,332.43,2.67,2.67
-2.64499,1,340.98,29.35,29.35
-2.6448,1,332.9,3.32,3.32
-2.64432,1,341.08,6.25,6.25
-2.64401,1,333.53,8.59,8.59
-2.64281,1,328.98,6.34,6.34
-2.64188,1,352.39,21.98,21.98
-2.6405,1,341.21,65.42,65.42
-2.63913,1,311.18,0.84,0.84
-2.63899,1,339.64,4.51,4.51
-2.63865,1,333.16,4.16,4.16
-2.63771,1,310.42,1.33,1.33
-2.63719,1,300.44,1.34,1.34
-2.63703,1,331.96,2.63,2.63
-2.63513,1,342.54,4.02,4.02
-2.63464,1,313.18,1.72,1.72
-2.63444,1,304.29,0.99,0.99
-2.63411,1,312.79,2.63,2.63
-2.63395,1,330.51,2.6,2.6
-2.63318,1,338.48,4.68,4.68
-2.63137,1,306.87,0.94,0.94
-2.63058,1,328.77,7.16,7.16
-2.62915,1,305.88,0.8,0.8
-2.62521,1,308.91,1.9,1.9
-2.62504,1,314.94,3.96,3.96
-2.6247,1,334.08,2.96,2.96
-2.62298,1,331.64,4.08,4.08
-2.62217,1,333.17,24.12,24.12
-2.62203,1,342.11,3.97,3.97
-2.62076,1,367,28.5,28.5
-2.61999,1,339.67,6.41,6.41
-2.61949,1,344.63,5.67,5.67
-2.61801,1,308.29,2.41,2.41
-2.6153,1,330.32,2.75,2.75
-2.6142,1,343.42,5.07,5.07
-2.61352,1,303.6,1.08,1.08
-2.61294,1,339.27,9.74,9.74
-2.60872,1,337.18,14.89,14.89
-2.60698,1,343.29,7.27,7.27
-2.60691,1,300.01,0.88,0.88
-2.60532,1,332.67,4.32,4.32
-2.60456,1,332.76,3.32,3.32
-2.60336,1,332.9,3.32,3.32
-2.60312,1,340.93,16.06,16.06
-2.60244,1,331.49,2.45,2.45
-2.6024,1,333.68,4.47,4.47
-2.60123,1,305.04,0.78,0.78
-2.59997,1,332.21,1.15,1.15
-2.59906,1,341.72,23.11,23.11
-2.59778,1,337.04,12.46,12.46
-2.59714,1,339.04,5.75,5.75
-2.59669,1,338.75,3.88,3.88
-2.59583,1,331.53,5.2,5.2
-2.59514,1,330.49,3.6,3.6
-2.59495,1,353.39,5.53,5.53
-2.59349,1,339.97,5.31,5.31
-2.59343,1,335.16,11.4,11.4
-2.59333,1,307.92,0.61,0.61
-2.59291,1,339.31,24.31,24.31
-2.59287,1,339.84,4.63,4.63
-2.59282,1,343.6,6.12,6.12
-2.59236,1,313.43,1.54,1.54
-2.59206,1,340.31,22.51,22.51
-2.59177,1,330.11,3.17,3.17
-2.5912,1,313.31,1.52,1.52
-2.59016,1,340.38,5.3,5.3
-2.58868,1,312.34,2.52,2.52
-2.58818,1,341.31,6.94,6.94
-2.58776,1,305.07,1.79,1.79
-2.58683,1,333.97,4.25,4.25
-2.58662,1,309.63,2.04,2.04
-2.58573,1,311.27,2.21,2.21
-2.5852,1,345.99,3.52,3.52
-2.58432,1,304.61,1.52,1.52
-2.5843,1,334,3.46,3.46
-2.58393,1,328.48,3.19,3.19
-2.5839,1,331.94,3.26,3.26
-2.58318,1,341.66,3.93,3.93
-2.5819,1,342.45,5.95,5.95
-2.58126,1,331.81,6.78,6.78
-2.58026,1,333.33,4.22,4.22
-2.58006,1,330.34,6.78,6.78
-2.57944,1,330.09,3.55,3.55
-2.5793,1,336.9,3.14,3.14
-2.57915,1,333.78,3.26,3.26
-2.57899,1,333.7,4.68,4.68
-2.57895,1,342.89,6.3,6.3
-2.57878,1,335.42,4.53,4.53
-2.5778,1,330.14,3.97,3.97
-2.57674,1,334.91,3.87,3.87
-2.57656,1,329.87,4.61,4.61
-2.57647,1,329.24,2.53,2.53
-2.57339,1,334.25,5.01,5.01
-2.57301,1,332.51,3.16,3.16
-2.56851,1,335.41,4.95,4.95
-2.56785,1,346.4,6.63,6.63
-2.56603,1,333.48,4.72,4.72
-2.56506,1,310.02,1.21,1.21
-2.56349,1,328.46,6.95,6.95
-2.56136,1,355.71,20.69,20.69
-2.55852,1,332.49,3.47,3.47
-2.55841,1,346.73,4.08,4.08
-2.55805,1,353.62,15.2,15.2
-2.55764,1,339.62,3.73,3.73
-2.55393,1,302.69,0.54,0.54
-2.5535,1,336.28,13.16,13.16
-2.5514,1,325.9,3.14,3.14
-2.55088,1,316.65,5.24,5.24
-2.54942,1,302.08,2.3,2.3
-2.5438,1,341.24,15.76,15.76
-2.54136,1,340.84,20.43,20.43
-2.53995,1,339.98,7.55,7.55
-2.53946,1,340.25,14.53,14.53
-2.53905,1,306.71,0.92,0.92
-2.53516,1,328.19,2.77,2.77
-2.53466,1,330.78,2.35,2.35
-2.53154,1,341.21,4.51,4.51
-2.52976,1,304.32,0.78,0.78
-2.5275,1,321.85,3.06,3.06
-2.52192,1,340.4,6.31,6.31
-2.52049,1,334.12,4.72,4.72
-2.52039,1,330.59,4.22,4.22
-2.52034,1,304.43,1.47,1.47
-2.51994,1,339.16,4.72,4.72
-2.51984,1,306.58,1.65,1.65
-2.51953,1,343.18,22.37,22.37
-2.51892,1,336.16,3.29,3.29
-2.51863,1,305.22,1.48,1.48
-2.5181,1,331.39,5.73,5.73
-2.51765,1,339.54,5.42,5.42
-2.51581,1,304.3,2.64,2.64
-2.51575,1,342.06,6.2,6.2
-2.51546,1,309.64,1.9,1.9
-2.51237,1,304.65,0.76,0.76
-2.51171,1,305.28,1.06,1.06
-2.51101,1,304.94,1.06,1.06
-2.50907,1,330.18,2.3,2.3
-2.50814,1,308.39,3.07,3.07
-2.50211,1,333.53,4.73,4.73
-2.50178,1,339.21,8.99,8.99
-2.50055,1,342.55,26.59,26.59
-2.50007,1,308.61,2.79,2.79
-2.49987,1,332.96,7.62,7.62
-2.49909,1,306.03,1.66,1.66
-2.49677,1,340.81,11.06,11.06
-2.49573,1,332.5,3.79,3.79
-2.49196,1,330.47,3.08,3.08
-2.49122,1,333.89,38.41,38.41
-2.4909,1,336.63,10.62,10.62
-2.48945,1,332.64,6.87,6.87
-2.48944,1,304.65,1.08,1.08
-2.48943,1,337,7.84,7.84
-2.48792,1,329.79,10.92,10.92
-2.4875,1,338.18,8.42,8.42
-2.48736,1,333.48,8.31,8.31
-2.48717,1,342.88,7.55,7.55
-2.48607,1,339.62,12.05,12.05
-2.48599,1,341.14,4.9,4.9
-2.48597,1,345.5,14.82,14.82
-2.48544,1,338.22,4.84,4.84
-2.48487,1,304.95,0.99,0.99
-2.4845,1,341.35,5.46,5.46
-2.48429,1,367,26.29,26.29
-2.48423,1,330.51,5.99,5.99
-2.4838,1,345.84,8.42,8.42
-2.48318,1,335.36,8.33,8.33
-2.48068,1,344.32,4.36,4.36
-2.47767,1,294.55,50.77,50.77
-2.47766,1,333.84,3.51,3.51
-2.47746,1,331.64,19.66,19.66
-2.47729,1,328.2,9.28,9.28
-2.47674,1,342.06,9.13,9.13
-2.47174,1,320.49,1.83,1.83
-2.47088,1,305.07,0.7,0.7
-2.46985,1,331.64,6.34,6.34
-2.46843,1,343.19,5.01,5.01
-2.46816,1,305.67,0.6,0.6
-2.46806,1,333.99,2.72,2.72
-2.46794,1,341.94,10.08,10.08
-2.46589,1,305.56,3.14,3.14
-2.4656,1,339.43,8.07,8.07
-2.46494,1,348.76,3.86,3.86
-2.46388,1,348.62,50.77,50.77
-2.46375,1,335.14,4.67,4.67
-2.46326,1,336.72,5.78,5.78
-2.4631,1,311.51,2.05,2.05
-2.46023,1,338.37,7.53,7.53
-2.45983,1,333.56,2.76,2.76
-2.4574,1,332.39,4.02,4.02
-2.45571,1,339.95,7.57,7.57
-2.45523,1,332.88,8.78,8.78
-2.45409,1,311.74,2.24,2.24
-2.45042,1,340.95,11.81,11.81
-2.44979,1,348.29,23.64,23.64
-2.44898,1,311.01,2.05,2.05
-2.44886,1,309.94,2.27,2.27
-2.44735,1,334.96,76.5,76.5
-2.44698,1,334.71,3.76,3.76
-2.44661,1,303.32,0.78,0.78
-2.44609,1,354.49,8.72,8.72
-2.44551,1,350.12,7.49,7.49
-2.44483,1,304.64,0.8,0.8
-2.44213,1,330.48,2.52,2.52
-2.44205,1,329.41,4.36,4.36
-2.44118,1,308.7,4.66,4.66
-2.43974,1,343.59,6.47,6.47
-2.43893,1,340.9,3.02,3.02
-2.43682,1,354.1,4.81,4.81
-2.43658,1,307.13,1.49,1.49
-2.43546,1,331.28,3.33,3.33
-2.43539,1,312.43,1.6,1.6
-2.43498,1,306.25,1.01,1.01
-2.43464,1,330.67,1.9,1.9
-2.4343,1,309.22,2.27,2.27
-2.43415,1,339.97,3.7,3.7
-2.43312,1,307.15,1.04,1.04
-2.43258,1,300.66,1.11,1.11
-2.43163,1,331.96,12.72,12.72
-2.42972,1,330.55,2.8,2.8
-2.42796,1,331.49,2.4,2.4
-2.42653,1,306.21,2.44,2.44
-2.42649,1,307.01,0.51,0.51
-2.42594,1,338.85,5.16,5.16
-2.42564,1,333.28,4.63,4.63
-2.42447,1,340.77,13.33,13.33
-2.42254,1,331.85,7.97,7.97
-2.42247,1,344.57,14.84,14.84
-2.42165,1,367,16.76,16.76
-2.42041,1,303,1.87,1.87
-2.42008,1,343.07,10.28,10.28
-2.41988,1,301.64,1.87,1.87
-2.41742,1,307.56,1.62,1.62
-2.41715,1,340.05,9.28,9.28
-2.41524,1,328.59,2.32,2.32
-2.41363,1,333.02,2.62,2.62
-2.41346,1,331.14,3.2,3.2
-2.41246,1,356.43,7.52,7.52
-2.41216,1,342.61,9.17,9.17
-2.41134,1,334.33,7.52,7.52
-2.41084,1,341.92,4.87,4.87
-2.40916,1,342.5,6.58,6.58
-2.40914,1,346.9,6.67,6.67
-2.4086,1,367,8.99,8.99
-2.4083,1,341.33,5.61,5.61
-2.40668,1,329.93,15.61,15.61
-2.40502,1,333.47,4.41,4.41
-2.40409,1,334.81,5.46,5.46
-2.40239,1,338.63,3.22,3.22
-2.39838,1,339.18,6.26,6.26
-2.39793,1,306.76,0.56,0.56
-2.39662,1,332.85,5.22,5.22
-2.39585,1,341.2,5.26,5.26
-2.39526,1,319.2,2.27,2.27
-2.39501,1,339.75,6.71,6.71
-2.39408,1,331.55,24.28,24.28
-2.39396,1,331.16,3.7,3.7
-2.39371,1,306.49,0.87,0.87
-2.39199,1,336.18,9.7,9.7
-2.39142,1,330.37,2.86,2.86
-2.3905,1,311.06,1.21,1.21
-2.38612,1,337.36,3.86,3.86
-2.38603,1,342.74,7.33,7.33
-2.38551,1,338.4,6.93,6.93
-2.37995,1,329.84,2.96,2.96
-2.37907,1,333.13,2.44,2.44
-2.37796,1,344.42,14.46,14.46
-2.37706,1,348.02,10.81,10.81
-2.37653,1,303.53,1.12,1.12
-2.37394,1,320.07,1.37,1.37
-2.37379,1,337.92,4.99,4.99
-2.37371,1,367,7.17,7.17
-2.37318,1,331.52,3.99,3.99
-2.3729,1,351.55,3.83,3.83
-2.36927,1,349.23,7.6,7.6
-2.36761,1,342.65,4.43,4.43
-2.36213,1,354.31,16.25,16.25
-2.36193,1,340.35,3.72,3.72
-2.36183,1,329.28,3.39,3.39
-2.36153,1,332.28,6.37,6.37
-2.36145,1,341.83,6.71,6.71
-2.3613,1,337.92,3.75,3.75
-2.35959,1,330.49,7.4,7.4
-2.35791,1,343.14,5.74,5.74
-2.3576,1,328.91,4.68,4.68
-2.35748,1,342.35,20.94,20.94
-2.35655,1,330.76,3.82,3.82
-2.35527,1,333.16,2.13,2.13
-2.35494,1,309.45,3.06,3.06
-2.35489,1,336.94,3.43,3.43
-2.35447,1,341.12,3.06,3.06
-2.35446,1,333.37,5,5
-2.35415,1,335.34,6.12,6.12
-2.354,1,345.84,10.84,10.84
-2.35388,1,333.68,70.62,70.62
-2.35368,1,339.94,5.93,5.93
-2.35363,1,336.56,9.72,9.72
-2.35116,1,345.67,17.92,17.92
-2.34739,1,334.92,6.56,6.56
-2.34737,1,343.5,6.98,6.98
-2.34437,1,331.09,3.15,3.15
-2.34432,1,335.46,2.72,2.72
-2.34324,1,314.12,1.1,1.1
-2.34254,1,334.61,4.12,4.12
-2.34134,1,332.25,3.16,3.16
-2.34099,1,348.41,3.58,3.58
-2.34055,1,327.42,5.15,5.15
-2.33955,1,311.12,1.22,1.22
-2.33816,1,341.55,10.77,10.77
-2.33812,1,330.52,4.81,4.81
-2.33642,1,355.28,56.29,56.29
-2.33557,1,344.87,107.94,107.94
-2.33525,1,331.44,1.69,1.69
-2.33437,1,345.81,4.79,4.79
-2.33422,1,310.24,0.8,0.8
-2.33391,1,337.39,3.88,3.88
-2.3334,1,305.53,2.47,2.47
-2.33339,1,319.73,2.07,2.07
-2.33158,1,306.85,0.53,0.53
-2.33061,1,330.04,2.24,2.24
-2.32893,1,331.7,2.65,2.65
-2.32799,1,317,4.19,4.19
-2.32682,1,333.95,3.89,3.89
-2.32346,1,343.15,6.47,6.47
-2.3227,1,342.42,13.1,13.1
-2.3223,1,325.49,2.25,2.25
-2.32206,1,354.77,11.28,11.28
-2.31946,1,337.25,7.71,7.71
-2.319,1,329.65,11.28,11.28
-2.31843,1,324.42,3.84,3.84
-2.31714,1,333.2,8.75,8.75
-2.31511,1,335.86,3.28,3.28
-2.31184,1,332.03,1.71,1.71
-2.308,1,329.09,7.75,7.75
-2.3066,1,330.54,2.32,2.32
-2.30649,1,311.68,2.07,2.07
-2.30645,1,331.91,3.86,3.86
-2.3054,1,327.79,3.43,3.43
-2.30445,1,330.72,1.64,1.64
-2.30306,1,335.1,4.02,4.02
-2.3,1,339.69,3.18,3.18
-2.29734,1,340.38,8.55,8.55
-2.29712,1,308.91,1.18,1.18
-2.29707,1,336.73,7.5,7.5
-2.2957,1,335.08,5.25,5.25
-2.29555,1,331.27,2.53,2.53
-2.2953,1,367,8.79,8.79
-2.29363,1,343.87,65.46,65.46
-2.29361,1,333.12,11.5,11.5
-2.2922,1,337.03,11.28,11.28
-2.2921,1,329.56,4.29,4.29
-2.29165,1,341.52,6.16,6.16
-2.29152,1,329.55,3.89,3.89
-2.29104,1,329.73,1.54,1.54
-2.29087,1,341.12,6.53,6.53
-2.2908,1,329.17,2.42,2.42
-2.2905,1,332.42,3.7,3.7
-2.29013,1,353.61,17.29,17.29
-2.28996,1,329.25,2.28,2.28
-2.28905,1,354.46,17.29,17.29
-2.28716,1,346.04,5.14,5.14
-2.28537,1,335.1,3.77,3.77
-2.28526,1,344.91,8.45,8.45
-2.28361,1,334.66,4.45,4.45
-2.28143,1,339.89,9.35,9.35
-2.28122,1,328.87,7.78,7.78
-2.2804,1,335.32,7.11,7.11
-2.27968,1,335.75,6,6
-2.27858,1,345.03,10.47,10.47
-2.27556,1,328.77,2.17,2.17
-2.27431,1,339.91,23.25,23.25
-2.27044,1,349.82,38.45,38.45
-2.27019,1,344.79,14.65,14.65
-2.26728,1,335.63,1.92,1.92
-2.26698,1,330.52,3.64,3.64
-2.26559,1,334.06,4.57,4.57
-2.2655,1,335.93,2.46,2.46
-2.26525,1,339.73,5.21,5.21
-2.26372,1,298.84,2.95,2.95
-2.26323,1,344.79,12.1,12.1
-2.26242,1,331.65,6.44,6.44
-2.2619,1,336.13,8.02,8.02
-2.26176,1,333.21,3,3
-2.26146,1,351.22,55.28,55.28
-2.26109,1,324.98,3.38,3.38
-2.261,1,336.01,58.56,58.56
-2.26016,1,341.47,14.52,14.52
-2.25995,1,331.81,3.48,3.48
-2.25962,1,332.37,3.36,3.36
-2.25769,1,310.53,1.41,1.41
-2.25735,1,340.5,10.78,10.78
-2.25733,1,338.7,56.29,56.29
-2.25724,1,339.8,12.63,12.63
-2.25645,1,328.23,3.86,3.86
-2.2557,1,341.84,45.49,45.49
-2.25339,1,333.49,3.29,3.29
-2.24847,1,328.06,1.26,1.26
-2.24845,1,329.82,1.65,1.65
-2.24712,1,309.94,1.48,1.48
-2.24587,1,313.88,0.86,0.86
-2.24516,1,341.21,46.6,46.6
-2.24413,1,332.65,2.33,2.33
-2.2422,1,335.5,1.77,1.77
-2.23413,1,330.21,3.41,3.41
-2.23183,1,330.73,2.75,2.75
-2.23079,1,334.59,4.78,4.78
-2.22692,1,334.43,3.88,3.88
-2.22583,1,325.62,1.77,1.77
-2.22437,1,308.47,0.9,0.9
-2.22091,1,338.8,6.07,6.07
-2.22082,1,336.47,3.3,3.3
-2.21821,1,343.12,24.12,24.12
-2.21223,1,330.23,5.44,5.44
-2.21106,1,335.48,5.34,5.34
-2.21087,1,350.06,4.77,4.77
-2.21052,1,341.03,5.92,5.92
-2.20677,1,338.65,4.32,4.32
-2.20633,1,334.02,8.53,8.53
-2.20618,1,340.59,7.52,7.52
-2.20604,1,333.25,2.49,2.49
-2.20496,1,335.45,21.86,21.86
-2.20425,1,342.01,9.02,9.02
-2.20272,1,330.27,3.61,3.61
-2.20093,1,347.95,7.35,7.35
-2.19692,1,330.5,2.53,2.53
-2.19571,1,329.5,3.54,3.54
-2.19523,1,334.68,3.49,3.49
-2.19235,1,339.07,21.95,21.95
-2.19152,1,318.12,4.9,4.9
-2.19099,1,340.37,4.9,4.9
-2.19048,1,330.44,3.42,3.42
-2.18862,1,300.73,0.7,0.7
-2.18246,1,339.67,10.34,10.34
-2.18153,1,328.74,3.34,3.34
-2.17814,1,317.27,1.23,1.23
-2.17712,1,329.02,2.4,2.4
-2.17644,1,332.13,3.29,3.29
-2.17634,1,343.46,5.8,5.8
-2.17571,1,343.59,5.8,5.8
-2.17427,1,326.38,1.03,1.03
-2.17358,1,337.41,7.03,7.03
-2.17266,1,337.56,4.25,4.25
-2.17222,1,340.05,7.87,7.87
-2.1715,1,341.14,8.95,8.95
-2.17023,1,333.52,7.1,7.1
-2.16956,1,340.04,3.97,3.97
-2.1691,1,332.5,7.03,7.03
-2.16632,1,338.33,4.62,4.62
-2.16605,1,333.23,3.85,3.85
-2.16549,1,333.02,2.81,2.81
-2.16545,1,334.3,4.46,4.46
-2.16408,1,329.03,5.33,5.33
-2.16315,1,326.34,3.67,3.67
-2.16178,1,315.36,0.94,0.94
-2.16121,1,341.77,13.77,13.77
-2.1612,1,342.07,13.71,13.71
-2.16046,1,332.04,2.07,2.07
-2.16007,1,302.29,0.6,0.6
-2.15921,1,335.33,10.42,10.42
-2.15807,1,338.15,3.87,3.87
-2.15568,1,337.26,10.25,10.25
-2.15435,1,312.25,0.86,0.86
-2.15366,1,305.27,0.92,0.92
-2.15111,1,341.46,8.49,8.49
-2.14918,1,310.42,0.94,0.94
-2.14701,1,334.72,3.34,3.34
-2.14674,1,339.84,5.65,5.65
-2.14566,1,295.45,0.84,0.84
-2.14429,1,298.44,2,2
-2.14197,1,335.45,6.22,6.22
-2.13782,1,338.81,3.92,3.92
-2.13756,1,332.72,3.48,3.48
-2.13686,1,304.9,1.23,1.23
-2.13632,1,338.31,3.51,3.51
-2.13562,1,337.47,3.51,3.51
-2.13414,1,340.87,6.22,6.22
-2.13367,1,341.92,8.71,8.71
-2.13357,1,334.66,2.91,2.91
-2.13298,1,332.23,3.06,3.06
-2.1325,1,337.42,7.69,7.69
-2.13215,1,333.09,3.71,3.71
-2.13144,1,344.46,25.2,25.2
-2.13072,1,340.11,5.14,5.14
-2.12787,1,324.94,1.87,1.87
-2.12767,1,340.25,6.66,6.66
-2.12763,1,345.5,16.53,16.53
-2.12721,1,352.54,18.63,18.63
-2.12636,1,341.64,8.47,8.47
-2.12623,1,355.35,15.36,15.36
-2.12575,1,332.03,3.27,3.27
-2.12454,1,302.6,0.79,0.79
-2.12351,1,343.68,6.8,6.8
-2.12213,1,342.94,3.8,3.8
-2.12168,1,331.49,2.19,2.19
-2.12154,1,309.24,0.9,0.9
-2.12019,1,309.99,0.79,0.79
-2.12005,1,314.15,2.25,2.25
-2.11948,1,331.11,3.86,3.86
-2.11913,1,303.5,1.23,1.23
-2.11859,1,330.17,1.54,1.54
-2.11786,1,305.88,0.61,0.61
-2.11748,1,338.24,3.54,3.54
-2.11673,1,339.29,3.87,3.87
-2.11568,1,305.21,1.23,1.23
-2.11474,1,302.39,0.58,0.58
-2.11255,1,340.7,41.28,41.28
-2.11251,1,347.1,12.91,12.91
-2.11209,1,342.44,26.54,26.54
-2.11194,1,331.02,2.78,2.78
-2.11137,1,331.3,2.53,2.53
-2.1113,1,331.33,2.25,2.25
-2.10852,1,347.12,4.78,4.78
-2.10798,1,333.48,6.72,6.72
-2.10793,1,333.25,3.65,3.65
-2.10475,1,345.6,8.75,8.75
-2.10418,1,337.15,2.64,2.64
-2.1036,1,335.9,5.1,5.1
-2.10057,1,332.2,2.73,2.73
-2.10004,1,344.1,10.82,10.82
-2.0984,1,332.29,3.6,3.6
-2.09658,1,340.61,4.52,4.52
-2.09254,1,328.1,1.75,1.75
-2.08962,1,332.98,6.04,6.04
-2.08792,1,332.93,5.62,5.62
-2.08774,1,333.07,4.35,4.35
-2.08714,1,334.91,3,3
-2.08367,1,334.15,4.3,4.3
-2.08283,1,306.4,0.94,0.94
-2.08205,1,319.51,1.52,1.52
-2.08193,1,334.37,2.94,2.94
-2.08175,1,340.59,6.9,6.9
-2.08038,1,329.94,7.36,7.36
-2.07701,1,347.28,7.75,7.75
-2.07672,1,355.33,6.68,6.68
-2.0762,1,314.33,1.72,1.72
-2.07412,1,304.97,0.5,0.5
-2.07289,1,340.31,6.34,6.34
-2.07236,1,302.96,0.53,0.53
-2.07161,1,336.83,5.1,5.1
-2.07118,1,331.66,5.7,5.7
-2.06909,1,336.8,4.77,4.77
-2.06526,1,343.53,13.16,13.16
-2.06285,1,342.54,7.36,7.36
-2.0628,1,340.19,10.07,10.07
-2.06237,1,331.53,2.94,2.94
-2.06223,1,312.28,1.86,1.86
-2.06195,1,331.95,30.09,30.09
-2.06193,1,325.51,3.6,3.6
-2.06171,1,303.28,2.3,2.3
-2.06113,1,349.75,12.47,12.47
-2.06092,1,330.58,3.85,3.85
-2.06089,1,330.4,1.46,1.46
-2.06065,1,347.64,10.72,10.72
-2.06015,1,331.65,3.28,3.28
-2.05955,1,329.1,3.22,3.22
-2.0591,1,334.04,4.21,4.21
-2.05905,1,339.67,8.82,8.82
-2.05883,1,332.37,2.65,2.65
-2.05878,1,326.92,3.11,3.11
-2.05874,1,334.61,3.11,3.11
-2.05808,1,343.91,7.13,7.13
-2.05766,1,339.39,8.69,8.69
-2.05761,1,330.27,1.87,1.87
-2.05716,1,343.16,6.24,6.24
-2.05691,1,345.09,6.67,6.67
-2.05634,1,334.63,16.28,16.28
-2.05442,1,331.98,3.36,3.36
-2.05299,1,333.71,2.48,2.48
-2.05297,1,321.53,1.15,1.15
-2.05292,1,314.72,2.46,2.46
-2.05254,1,336.6,4.21,4.21
-2.05195,1,347.17,10.96,10.96
-2.05098,1,333.25,4.7,4.7
-2.05092,1,333.73,5.28,5.28
-2.04945,1,341.1,5.44,5.44
-2.04799,1,334.89,3.81,3.81
-2.04685,1,340.87,5.77,5.77
-2.04672,1,355.27,11.33,11.33
-2.04635,1,333.83,4.35,4.35
-2.04622,1,337.5,4.9,4.9
-2.04564,1,329.48,3.97,3.97
-2.04495,1,345.59,10.71,10.71
-2.04278,1,340.31,5.16,5.16
-2.04252,1,333,1.98,1.98
-2.04135,1,339.67,8.49,8.49
-2.04129,1,323.27,4.16,4.16
-2.04125,1,337.11,3.91,3.91
-2.0408,1,329.64,2.78,2.78
-2.04075,1,330.38,6.89,6.89
-2.04027,1,348.2,4.93,4.93
-2.04025,1,304.96,2.2,2.2
-2.03981,1,340.48,8.14,8.14
-2.0394,1,313.84,1.32,1.32
-2.03932,1,329.61,4.67,4.67
-2.03878,1,337.95,10.71,10.71
-2.03855,1,337.95,4.65,4.65
-2.03713,1,338.03,6.82,6.82
-2.03688,1,339.78,5.96,5.96
-2.03649,1,350.12,11.66,11.66
-2.03638,1,339.61,3.83,3.83
-2.0358,1,332.12,2.47,2.47
-2.03549,1,345.01,13.88,13.88
-2.03548,1,336.37,14.88,14.88
-2.03487,1,351.9,10.71,10.71
-2.03394,1,334.16,1.6,1.6
-2.03262,1,331.07,2.98,2.98
-2.02963,1,307.15,2.33,2.33
-2.02904,1,334.43,3.92,3.92
-2.02648,1,337.77,3.67,3.67
-2.02574,1,338.32,5.17,5.17
-2.02532,1,333.03,3.93,3.93
-2.02502,1,303.15,1.46,1.46
-2.02452,1,331.3,3.95,3.95
-2.0245,1,311.88,1.38,1.38
-2.02437,1,329.5,1.58,1.58
-2.02424,1,333.11,2.47,2.47
-2.02392,1,332.04,4.18,4.18
-2.02387,1,341.3,9.55,9.55
-2.02381,1,337.39,2.92,2.92
-2.02345,1,332.14,4.05,4.05
-2.0231,1,329.91,6.56,6.56
-2.02243,1,330.01,3.1,3.1
-2.02152,1,328.23,1.48,1.48
-2.01897,1,332.55,2.38,2.38
-2.01712,1,342.39,7.95,7.95
-2.01658,1,338.05,4.95,4.95
-2.01641,1,356.28,28.87,28.87
-2.01621,1,333.37,1.75,1.75
-2.01576,1,336.4,4.74,4.74
-2.01561,1,353.39,5.87,5.87
-2.01469,1,346.28,54.77,54.77
-2.01457,1,328.79,2.38,2.38
-2.01414,1,347.72,6.43,6.43
-2.01401,1,331.87,6.56,6.56
-2.01378,1,367,84.89,84.89
-2.01325,1,308.13,0.73,0.73
-2.01319,1,330.94,2.66,2.66
-2.01145,1,308.02,1.08,1.08
-2.01066,1,331.21,2.72,2.72
-2.01052,1,334.09,9.29,9.29
-2.00949,1,341.07,5.71,5.71
-2.00876,1,342.81,12.78,12.78
-2.00871,1,354.33,9.22,9.22
-2.00805,1,331.89,4.29,4.29
-2.00696,1,337.09,6.87,6.87
-2.00574,1,300.19,1.3,1.3
-2.00504,1,315.22,1.31,1.31
-2.00501,1,333.64,7.72,7.72
-2.00449,1,367,9.22,9.22
-2.00386,1,330.09,5.79,5.79
-2.00356,1,338.91,5.4,5.4
-2.00349,1,333.63,6.23,6.23
-2.00255,1,305.67,0.67,0.67
-2.0025,1,332.76,3.18,3.18
-2.00198,1,332.99,2.39,2.39
-2.00164,1,356.12,18.45,18.45
-2.00094,1,328.32,1.31,1.31
-2.00051,1,326.96,4.77,4.77
-2.00009,1,337.12,7.39,7.39
-1.99982,1,331.11,2.28,2.28
-1.99887,1,333.38,28.87,28.87
-1.99884,1,297.27,1.41,1.41
-1.99879,1,331.59,2.11,2.11
-1.99852,1,311.74,2.02,2.02
-1.99827,1,340.91,6.79,6.79
-1.99723,1,339.02,6.48,6.48
-1.9966,1,333.2,2.24,2.24
-1.99644,1,332.69,4.84,4.84
-1.99635,1,315.79,1.46,1.46
-1.99614,1,341.21,5.72,5.72
-1.99536,1,337.65,4.6,4.6
-1.99478,1,334.66,28.87,28.87
-1.99427,1,302.66,0.61,0.61
-1.99418,1,332.05,3.51,3.51
-1.99365,1,303.73,0.73,0.73
-1.99203,1,331.56,4.58,4.58
-1.99182,1,327.04,3.22,3.22
-1.99144,1,330.19,2.4,2.4
-1.9882,1,309.49,0.55,0.55
-1.98757,1,329.83,4.41,4.41
-1.98744,1,316.91,1.46,1.46
-1.98545,1,332.61,3.28,3.28
-1.98525,1,303.35,0.68,0.68
-1.98511,1,340.98,5.93,5.93
-1.98449,1,333.04,3.17,3.17
-1.98423,1,334.33,3,3
-1.98351,1,342.56,5.42,5.42
-1.98302,1,336.12,2.05,2.05
-1.98261,1,336.7,5.53,5.53
-1.98211,1,334.41,3.73,3.73
-1.98142,1,335.11,37.96,37.96
-1.98074,1,343.4,110.59,110.59
-1.97994,1,333.61,3.43,3.43
-1.97806,1,337.52,4.46,4.46
-1.97672,1,321.79,2.58,2.58
-1.97667,1,332.3,4.12,4.12
-1.97665,1,339.1,92.95,92.95
-1.97657,1,329.31,2.63,2.63
-1.97499,1,335.88,7.45,7.45
-1.97197,1,332.16,5.9,5.9
-1.97189,1,343.92,4.53,4.53
-1.97094,1,341.03,7.88,7.88
-1.97027,1,332.21,5.55,5.55
-1.96784,1,339.52,9.24,9.24
-1.96606,1,330.76,3.22,3.22
-1.96521,1,309.43,0.94,0.94
-1.96508,1,331.16,4.44,4.44
-1.96262,1,341.77,12.26,12.26
-1.96206,1,341.48,13.83,13.83
-1.95878,1,330.38,13.36,13.36
-1.95723,1,333.82,2.47,2.47
-1.95625,1,333.99,4.36,4.36
-1.95077,1,336.51,6.78,6.78
-1.94985,1,333.65,3.82,3.82
-1.94936,1,307.49,0.62,0.62
-1.94923,1,333.5,3,3
-1.94902,1,335.33,3.69,3.69
-1.94822,1,336.52,24.21,24.21
-1.94576,1,344.09,7.88,7.88
-1.94564,1,341.71,5.82,5.82
-1.94349,1,339.28,20.94,20.94
-1.94016,1,309.57,0.53,0.53
-1.93897,1,335.41,8.41,8.41
-1.93848,1,340.08,4.78,4.78
-1.93661,1,339.46,13.16,13.16
-1.93626,1,351.91,9.96,9.96
-1.9361,1,339.39,6.5,6.5
-1.93607,1,355.25,7.1,7.1
-1.93535,1,330.91,4.87,4.87
-1.93426,1,340.78,59.5,59.5
-1.93262,1,335.55,3.1,3.1
-1.93214,1,337.47,3.38,3.38
-1.93168,1,332.38,6.67,6.67
-1.92905,1,334.57,4.95,4.95
-1.92812,1,333.41,4.14,4.14
-1.92722,1,300.47,1.46,1.46
-1.92605,1,337.9,4.09,4.09
-1.92333,1,335.18,2.4,2.4
-1.9225,1,339.67,6.23,6.23
-1.92073,1,300.26,0.74,0.74
-1.92003,1,330.96,2.1,2.1
-1.92001,1,336.31,6.82,6.82
-1.91985,1,330.13,3.7,3.7
-1.91964,1,340.12,3.02,3.02
-1.91907,1,332.63,7.78,7.78
-1.91885,1,354.84,11.53,11.53
-1.91695,1,338.11,5.17,5.17
-1.91613,1,327.66,2.82,2.82
-1.91604,1,341.19,9.1,9.1
-1.91412,1,340.08,3.85,3.85
-1.91404,1,335.46,3.28,3.28
-1.91316,1,301.04,1.42,1.42
-1.91258,1,328.66,8.98,8.98
-1.91131,1,340.89,73.49,73.49
-1.91069,1,301.67,1.93,1.93
-1.90983,1,338.61,5.55,5.55
-1.90951,1,326.44,9.96,9.96
-1.90883,1,331.33,1.34,1.34
-1.90819,1,333.2,2.33,2.33
-1.90744,1,332.6,7.81,7.81
-1.90682,1,332.26,1.49,1.49
-1.90523,1,332.54,3.5,3.5
-1.90412,1,333.01,4.49,4.49
-1.90385,1,340.07,9.33,9.33
-1.90374,1,330.15,4.01,4.01
-1.90219,1,331.88,4.7,4.7
-1.90217,1,329.52,2.71,2.71
-1.90159,1,344.96,5.84,5.84
-1.90131,1,333.34,2.09,2.09
-1.89921,1,341.98,12.26,12.26
-1.89887,1,331.21,12.72,12.72
-1.8965,1,352.53,10.92,10.92
-1.89575,1,347.6,7.21,7.21
-1.89377,1,332.09,12.72,12.72
-1.89345,1,348.36,4.45,4.45
-1.8928,1,333.08,5.59,5.59
-1.89269,1,342.33,12.95,12.95
-1.89153,1,339.36,20.65,20.65
-1.88984,1,333.36,3.26,3.26
-1.88957,1,326.6,7.46,7.46
-1.88872,1,335.08,7.16,7.16
-1.88758,1,331.1,3.79,3.79
-1.88649,1,332.89,2.92,2.92
-1.88595,1,335.33,6.65,6.65
-1.88268,1,329.79,2.54,2.54
-1.88259,1,335.54,6.3,6.3
-1.88038,1,331.02,2.58,2.58
-1.88022,1,341.65,6.14,6.14
-1.87987,1,345.41,7.45,7.45
-1.87952,1,311.13,1.38,1.38
-1.8794,1,302.43,1.41,1.41
-1.87934,1,337.33,52.98,52.98
-1.87793,1,338.72,5.8,5.8
-1.87611,1,329.32,3.76,3.76
-1.8743,1,332.94,2.89,2.89
-1.87405,1,340.09,8.75,8.75
-1.87347,1,333.11,2.72,2.72
-1.87333,1,333.69,6.32,6.32
-1.86971,1,334.93,11.53,11.53
-1.86791,1,301.87,1.35,1.35
-1.86786,1,338.62,4.67,4.67
-1.86683,1,342.34,9.24,9.24
-1.865,1,342.39,11.02,11.02
-1.8641,1,344.38,11.85,11.85
-1.86389,1,344.57,18.31,18.31
-1.86368,1,339,6.19,6.19
-1.86348,1,333.54,11.47,11.47
-1.86232,1,333.78,3.19,3.19
-1.86076,1,331.25,2.58,2.58
-1.85954,1,322.39,1.41,1.41
-1.85892,1,349.99,6.22,6.22
-1.85735,1,340.11,7.57,7.57
-1.85664,1,346.6,6.15,6.15
-1.85605,1,341.07,6.81,6.81
-1.8559,1,338.9,5.33,5.33
-1.85503,1,355.08,15.67,15.67
-1.85473,1,333.67,2.46,2.46
-1.85439,1,332.33,3.26,3.26
-1.8536,1,344.32,7.3,7.3
-1.85297,1,331.85,3.21,3.21
-1.85269,1,331.95,3.19,3.19
-1.85169,1,310.52,1.62,1.62
-1.85096,1,335.6,5.54,5.54
-1.85008,1,330.9,1.94,1.94
-1.85007,1,304.88,0.85,0.85
-1.84986,1,306.4,0.72,0.72
-1.84961,1,343.79,8.69,8.69
-1.84879,1,356.38,11.41,11.41
-1.84872,1,342.27,4.55,4.55
-1.84833,1,338.66,3.36,3.36
-1.84798,1,349.4,5.24,5.24
-1.84706,1,307.12,1.41,1.41
-1.847,1,329.98,2.4,2.4
-1.84664,1,331.26,8.15,8.15
-1.84622,1,313.14,1.41,1.41
-1.84347,1,337.7,14.67,14.67
-1.84155,1,330.59,2.97,2.97
-1.84114,1,334.29,7.95,7.95
-1.84102,1,336.24,38.38,38.38
-1.8407,1,342.98,5.65,5.65
-1.84048,1,337.26,9.02,9.02
-1.83978,1,334.79,22.48,22.48
-1.83881,1,351.4,12.8,12.8
-1.83847,1,333.69,4.43,4.43
-1.83819,1,332.69,2.09,2.09
-1.83799,1,330.38,4.17,4.17
-1.83768,1,309.07,0.74,0.74
-1.83766,1,337.68,32.08,32.08
-1.83594,1,345.85,12.43,12.43
-1.83565,1,332.42,8.64,8.64
-1.8353,1,330.4,2.22,2.22
-1.83463,1,307.72,0.75,0.75
-1.83275,1,303.35,0.97,0.97
-1.83126,1,335.52,9.27,9.27
-1.8307,1,343,7.83,7.83
-1.8304,1,298.71,2.21,2.21
-1.82935,1,341.98,11.46,11.46
-1.82801,1,331.85,5.16,5.16
-1.82774,1,334.58,4.43,4.43
-1.82625,1,320.66,1.46,1.46
-1.82548,1,337.22,8.64,8.64
-1.82529,1,339.78,3.49,3.49
-1.82461,1,333.36,4.95,4.95
-1.82258,1,329.52,5.61,5.61
-1.82234,1,330.3,2.24,2.24
-1.82209,1,345.28,6.17,6.17
-1.82204,1,341.34,5.23,5.23
-1.82158,1,328.47,2.54,2.54
-1.82151,1,339.1,6.13,6.13
-1.82099,1,298.59,1.02,1.02
-1.8207,1,333.3,3.13,3.13
-1.82064,1,330.17,2.32,2.32
-1.81994,1,305.38,1.76,1.76
-1.81958,1,306,2.2,2.2
-1.81904,1,304.07,0.65,0.65
-1.81857,1,339.87,15.99,15.99
-1.8161,1,301.65,1.07,1.07
-1.81584,1,343.33,10.93,10.93
-1.81457,1,327.76,1.68,1.68
-1.80985,1,330.35,3.06,3.06
-1.80928,1,338,65.74,65.74
-1.80886,1,338.35,7.1,7.1
-1.80702,1,333.24,2.26,2.26
-1.80633,1,334.48,2.03,2.03
-1.80495,1,367,18.37,18.37
-1.80416,1,344.94,7.83,7.83
-1.80338,1,333.61,8.18,8.18
-1.80232,1,332.8,3,3
-1.80061,1,338.34,7.64,7.64
-1.79972,1,367,5.79,5.79
-1.7989,1,331.61,5.51,5.51
-1.79734,1,332.57,6.55,6.55
-1.79593,1,319.33,2.28,2.28
-1.79468,1,307.11,0.79,0.79
-1.7934,1,332.69,3.33,3.33
-1.79178,1,350.37,25.71,25.71
-1.78972,1,333.68,6.27,6.27
-1.78875,1,333.34,5.37,5.37
-1.78824,1,304.4,0.55,0.55
-1.78809,1,331.73,3.04,3.04
-1.78628,1,339.06,5.28,5.28
-1.78578,1,336.7,6.81,6.81
-1.78472,1,331.61,4.37,4.37
-1.78447,1,334.94,17.37,17.37
-1.78316,1,340.84,7.65,7.65
-1.78282,1,367,27.38,27.38
-1.7825,1,330.63,5.23,5.23
-1.77476,1,333.48,3.55,3.55
-1.77345,1,334.66,7.04,7.04
-1.77297,1,331.12,5.01,5.01
-1.77158,1,333.73,3.62,3.62
-1.77153,1,332.8,2.81,2.81
-1.77144,1,339.46,6.77,6.77
-1.76998,1,334.23,2.94,2.94
-1.76954,1,343.21,14.16,14.16
-1.76923,1,337.27,4.41,4.41
-1.76459,1,338.69,5.67,5.67
-1.76288,1,329.58,6.29,6.29
-1.7624,1,333.01,4.62,4.62
-1.76236,1,314.45,2.11,2.11
-1.75318,1,328.24,4.14,4.14
-1.75311,1,331.41,2.27,2.27
-1.75194,1,330,4.53,4.53
-1.74889,1,335.39,7.88,7.88
-1.74827,1,343.27,6.76,6.76
-1.74632,1,334.95,2.98,2.98
-1.74631,1,349.27,7.1,7.1
-1.74463,1,342.63,18.9,18.9
-1.74348,1,332.44,5.8,5.8
-1.74115,1,311.47,1.39,1.39
-1.73983,1,320.12,2.7,2.7
-1.73951,1,325.09,5.05,5.05
-1.73916,1,324.52,2.7,2.7
-1.73596,1,333.57,5.01,5.01
-1.7358,1,346.81,9.21,9.21
-1.73355,1,329.24,2.07,2.07
-1.73211,1,338.51,4.63,4.63
-1.73126,1,327,2.71,2.71
-1.73024,1,329.18,3.95,3.95
-1.72811,1,367,6.26,6.26
-1.72731,1,330.79,1.19,1.19
-1.72695,1,337.47,5.64,5.64
-1.72634,1,335.84,6.57,6.57
-1.72536,1,305.72,1.5,1.5
-1.72509,1,335.24,3.74,3.74
-1.72466,1,332.51,5.24,5.24
-1.72377,1,337.12,7.1,7.1
-1.72226,1,303,1.15,1.15
-1.72086,1,332.2,7.1,7.1
-1.72027,1,330.89,2.37,2.37
-1.71848,1,305.12,0.64,0.64
-1.71712,1,335.64,9.82,9.82
-1.71685,1,343.98,23.86,23.86
-1.71568,1,342.22,3.95,3.95
-1.7153,1,343.58,5.88,5.88
-1.71516,1,333.61,5.82,5.82
-1.71452,1,341.12,5.32,5.32
-1.703,1,331.53,5.26,5.26
-1.70235,1,297.01,0.82,0.82
-1.69897,1,332.27,3.86,3.86
-1.69701,1,315.06,1.83,1.83
-1.69619,1,353.76,23.86,23.86
-1.69442,1,333.83,2.47,2.47
-1.69338,1,306.99,0.78,0.78
-1.6898,1,340.16,4.82,4.82
-1.68884,1,344.45,12.76,12.76
-1.686,1,330.87,1.73,1.73
-1.68546,1,334.62,5.13,5.13
-1.68463,1,340.22,3.25,3.25
-1.68364,1,329.69,2.62,2.62
-1.67619,1,336.24,3,3
-1.6761,1,339.59,5.25,5.25
-1.67605,1,344.78,8.29,8.29
-1.67587,1,341.95,4.46,4.46
-1.67215,1,367,34.24,34.24
-1.67113,1,333.11,4.96,4.96
-1.66813,1,341.05,4.27,4.27
-1.66641,1,329.77,8.29,8.29
-1.66481,1,328.38,5.08,5.08
-1.66364,1,351.85,43.97,43.97
-1.66114,1,332.54,4.61,4.61
-1.65986,1,303.1,0.94,0.94
-1.65759,1,310.67,1.11,1.11
-1.65495,1,301.98,2.82,2.82
-1.64334,1,367,20.15,20.15
-1.64245,1,330.9,15.76,15.76
-1.64239,1,355.8,10.9,10.9
-1.64231,1,330.04,5.79,5.79
-1.64138,1,343.29,10.9,10.9
-1.63281,1,313.58,3.16,3.16
-1.62841,1,348.47,12.36,12.36
-1.62172,1,347.48,6.68,6.68
-1.62027,1,340.29,12.23,12.23
-1.61449,1,350.75,19.04,19.04
-1.61386,1,367,15.44,15.44
-1.6128,1,367,75.31,75.31
-1.61076,1,335.17,12.23,12.23
-1.60924,1,304.44,4.9,4.9
-1.60539,1,333.14,4.72,4.72
-1.59308,1,328.88,3.34,3.34
-1.59237,1,332.95,4.07,4.07
-1.59176,1,308.18,2.13,2.13
-1.57745,1,331.95,1.08,1.08
-1.57727,1,332.26,3.87,3.87
-1.57715,1,325.81,2.48,2.48
-1.57637,1,334.57,4.87,4.87
-1.57619,1,336.9,9.99,9.99
-1.57611,1,339.57,5.66,5.66
-1.5757,1,332.38,5.04,5.04
-1.57551,1,354.89,9.12,9.12
-1.5755,1,314.21,1.8,1.8
-1.57549,1,340.5,7.23,7.23
-1.57545,1,331.25,2.73,2.73
-1.57542,1,302.68,1.3,1.3
-1.57529,1,332.03,2.3,2.3
-1.57527,1,329.82,4.53,4.53
-1.57503,1,336.43,5.21,5.21
-1.57467,1,348.42,27.38,27.38
-1.5745,1,305.87,1.66,1.66
-1.57443,1,332.71,3.52,3.52
-1.57432,1,343.01,11.47,11.47
-1.57407,1,341.5,4.41,4.41
-1.57404,1,305.47,1.42,1.42
-1.57384,1,345.13,8.52,8.52
-1.57379,1,331.3,2.41,2.41
-1.57371,1,332.48,2.15,2.15
-1.5735,1,325.25,2.58,2.58
-1.57342,1,314.35,1.35,1.35
-1.57337,1,326.55,1.92,1.92
-1.57332,1,304.18,1.33,1.33
-1.57323,1,307.02,0.87,0.87
-1.57322,1,338.1,3.1,3.1
-1.57321,1,301.78,0.98,0.98
-1.57316,1,346.03,9.64,9.64
-1.57304,1,307.29,1.04,1.04
-1.57303,1,342.4,22.16,22.16
-1.57299,1,329.83,3.66,3.66
-1.57287,1,298.35,0.75,0.75
-1.57286,1,329.21,1.58,1.58
-1.5728,1,317.67,1.28,1.28
-1.57271,1,339.9,7.34,7.34
-1.5727,1,345.17,5.35,5.35
-1.57268,1,302.52,0.62,0.62
-1.5726,1,337.19,4.01,4.01
-1.57253,1,353.37,6.31,6.31
-1.57245,1,329.62,4.95,4.95
-1.57244,1,323.68,1.67,1.67
-1.57233,1,308.51,4.9,4.9
-1.57224,1,333.72,2.63,2.63
-1.57222,1,341.63,6.09,6.09
-1.57215,1,331.67,6.52,6.52
-1.57213,1,335.35,3.25,3.25
-1.57212,1,330.03,0.5,0.5
-1.57208,1,339.89,2.96,2.96
-1.57204,1,328.53,6.69,6.69
-1.57203,1,339.95,22.37,22.37
-1.57197,1,328.22,2.67,2.67
-1.57196,1,327.76,2.73,2.73
-1.57178,1,335.31,6.6,6.6
-1.57171,1,331.85,5.67,5.67
-1.57166,1,336.7,5.78,5.78
-1.57149,1,347.22,6.59,6.59
-1.57146,1,329.09,2.39,2.39
-1.57144,1,331.42,3.32,3.32
-1.57127,1,344.5,6.13,6.13
-1.57109,1,331.16,4.21,4.21
-1.57103,1,332.96,2.78,2.78
-1.57102,1,342.96,17.78,17.78
-1.57087,1,342.8,3.14,3.14
-1.57085,1,339.72,9.99,9.99
-1.57071,1,335.26,2.66,2.66
-1.57054,1,295.85,0.77,0.77
-1.5705,1,298.52,0.86,0.86
-1.57049,1,339.7,8.68,8.68
-1.57038,1,300.68,0.73,0.73
-1.57034,1,339.62,6.15,6.15
-1.57031,1,332.95,3.36,3.36
-1.57029,1,331.57,4.36,4.36
-1.57007,1,335.18,1.84,1.84
-1.57006,1,310.24,2.04,2.04
-1.57005,1,367,26.59,26.59
-1.56981,1,335.24,56.33,56.33
-1.56977,1,334.34,2.09,2.09
-1.56966,1,330.74,4.34,4.34
-1.56959,1,307.61,0.87,0.87
-1.56925,1,331.76,2.87,2.87
-1.56878,1,306.29,1.42,1.42
-1.56857,1,318.42,1.83,1.83
-1.56849,1,343.75,7.04,7.04
-1.56839,1,342.16,7.76,7.76
-1.56668,1,306.78,3.07,3.07
-1.56441,1,352.74,19.84,19.84
-1.56425,1,332.56,2.27,2.27
-1.56423,1,305.37,0.54,0.54
-1.56347,1,333.3,3.69,3.69
-1.54984,1,330.37,3.83,3.83
-1.54981,1,331.12,3.27,3.27
-1.53712,1,301.81,9.7,9.7
-1.5016,1,332.37,8.38,8.38
-1.50093,1,337.06,3.67,3.67
-1.50056,1,339.96,10.23,10.23
-1.50031,1,322.6,2.36,2.36
-1.50012,1,331.29,2.66,2.66
